Workbook

Sheet RESPONSES
A1: Id | B1: 0 | C1: Completion time | D1: Email | E1: Name | F1: Họ và tên: | G1: MSSV: | H1: Ngày - Tháng - Năm sinh của bạn: (MM/DD/YYYY) | I1: Email: | J1: Lớp sinh hoạt: | K1: Link Facebook cá nhân: | L1: Khi tự định nghĩa bản thân, bạn thường dùng những từ nào để mô tả mình? Hãy cho chúng mình biết điểm mạnh, điểm yếu của bạn là gì? | M1: Kể về một lần bạn học được một kỹ năng mới (có thể thông qua nhiều hình thức, như tự học, học từ người khác, học từ một trải nghiệm...) và cách bạn đã áp dụng nó vào một tình huống cụ thể trong quá k | N1: Bạn mong muốn lịch học được sắp xếp vào những buổi tối nào? | O1: Nếu vào Trainee Program 2026 bạn mong muốn được hoạt động ở lĩnh vực nào? | P1: Bạn đã tiếp xúc với ngôn ngữ lập trình nào? Cách bạn tiếp cận và học về ngôn ngữ đó như thế nào?(từng làm bài tập, làm project, tham gia các cuộc thi học thuật...) | Q1: Lĩnh vực mà bạn định hướng học tập và phát triển nghề nghiệp trong tương lai là gì (phát triển web, phát triển ứng dụng, máy học, trí tuệ nhân tạo...)? | R1: Giả sử bạn được sắp xếp vào một nhóm nhỏ gồm những người bạn chưa từng quen và phải hoàn thành một task mới mà nhóm chưa từng xử lí trong vòng 7 ngày, thì bạn sẽ lên kế hoạch công việc như thế nào? (t | S1: [Khảo sát] Khi đến với ban Hệ thống, bạn mong muốn được tìm hiểu thêm về kiến thức nào? | T1: Bạn có hứng thú tìm hiểu ở (các) lĩnh vực nào sau đây? | U1: Với Graphic Design, bạn hãy chia sẻ về kỹ năng thiết kế và biên tập của mình nhé! Với các công cụ thiết kế (Canva, Photoshop, Illustrator, Capcut, After Effects...) bạn tự đánh giá mình ở mức độ nào? | V1: Với Photography, bạn hiện đang có thiết bị nào có thể sử dụng để chụp ảnh? | W1: Link tổng hợp sản phẩm của bạn (nếu có) | X1: Khi gặp bế tắc trong việc sáng tạo nội dung, bạn thường làm gì để tìm kiếm ý tưởng? | Y1: Trong một cuộc họp, bạn đưa ra một ý tưởng mà bạn rất tin tưởng, nhưng một thành viên khác trong ban lại phản đối kịch liệt và cho rằng nó "không hiệu quả". Bạn sẽ làm gì trong tình huống đó? | Z1: Khi tổ chức một hoạt động hay sự kiện thì bạn nghĩ bạn sẽ làm tốt ở vị trí một người leader hay các vị trí khác. Hãy giải thích và đưa ra lí do cho sự lựa chọn của mình? | AA1: Nếu như bạn là một người quản lý một nhóm gồm nhiều thành viên, bạn sẽ làm gì để đảm bảo mọi người đều cảm thấy được trân trọng và có tiếng nói trong quyết định? Bạn có thể chia sẻ cách bạn làm như th | AB1: Tưởng tượng sự kiện đang diễn ra suôn sẻ thì có một sự cố nghiêm trọng bất ngờ xảy ra (ví dụ: mất điện, diễn giả chính đến trễ 30 phút, hoặc người tham dự phàn nàn gay gắt...). Việc đầu tiên bạn sẽ là | AC1: Bạn mong đợi điều gì khi tham gia Trainee Program 2026? | AD1: Bạn có muốn nói gì với BTC để thể hiện mong muốn được vào Trainee Program không? Nếu có thắc mắc cần giải đáp, đừng ngần ngại đặt câu hỏi cho BTC nha!
A2: 1 | B2: 46309.882 | C2: 46309.899 | D2: anonymous | F2: Nguyễn Minh Toàn | G2: 26522053 | H2: 39563 | I2: 26522053@gm.uit.edu.vn | J2: KHTA2026 | K2: https://www.facebook.com/minh.toan.210131/ | L2: - Những từ nào để mô tả bản thân: - Điểm mạnh: Ham học hỏi, tò mò và là người có tinh thần cầu tiến, sẵn sàng tiếp thu những ý kiến khác nhau để hoàn thiện bản thân. - Điểm yếu: Bản thân đang trong quá trình thích nghi với môi trường đại học. Việc thay đổi nhịp sống mới khiến mình còn lúng túng, nhưng mình đang tích cực chủ động điều chỉnh bản thân từng ngày. | M2: Một lần mình chủ động học hỏi kỹ năng mới là khi tự tìm tòi cách bắt trend làm nhạc WorldCup cho các trường học trên TikTok. Nhận thấy thời điểm đó phong trào này đang thu hút sự chú ý lớn nhưng trường của mình chưa có ai làm, mình đã quyết định tự học cách sử dụng AI để tạo âm nhạc kết hợp với việc edit video hình ảnh để tạo ra sản phẩm mang dấu ấn riêng của trường. Dù ban đầu việc sử dụng AI còn nhiều bỡ ngỡ, mình đã kiên trì mày mò, thử nghiệm cho đến khi hoàn thiện video. Trải nghiệm này không chỉ giúp mình rèn luyện tư duy sáng tạo, khả năng tự học công cụ số mà còn nâng cao sự nhạy bén trong việc nắm bắt các xu hướng nội dung trên mạng xã hội. đây là sản phẩm của mình lúc đó: https://www.tiktok.com/@nmt.axxv/video/7635611717749198102 | O2: Truyền thông - Sự kiện | T2: Graphic design;Content; | U2: Biết dùng Canva cơ bản | V2: Chỉ điện thoại | W2: https://docs.google.com/document/d/1TUh18pTCUUJs3Y6UVx9Tc50Od0aL92AWxUHvY8HhYHc/edit?usp=sharing | X2: Quan sát và cập nhật xu hướng từ các nền tảng mạng xã hội ( học hỏi ý tưởng từ các nội dung, video, trào lưu đang được nhiều người quan tâm một cách có chọn lọc). Bên cạnh đó, Ứng dụng công cụ AI để hỗ trợ lên ý tưởng. | Y2: - Lắng nghe và đặt ra câu hỏi: mình sẽ lắng nghe, đặt bản thân vào góc nhìn của thành viên đó. Đồng thời đặt ra câu hỏi, lý do tại sao ý tưởng của bản thân bị phản đối. - Trình bày góc nhìn của bản thân: Mình sẽ trình bày ngắn gọn các nguyên nhân bản thân tin tưởng vào ý tưởng này. Từ đó đúc kết lại ý tưởng xem giải pháp nào hiệu quả hơn. | Z2: Không | AA2: Không | AB2: Không | AC2: Trải nghiệm thực tế và nâng cao kỹ năng: Mình mong muốn được học hỏi và trực tiếp tham gia vào quy trình tổ chức các sự kiện, chương trình lớn nhỏ của Đoàn - Hội. Từ đó rèn luyện kỹ năng và sự linh hoạt khi đối mặt với thử thách. | AD2: Mình rất mong sẽ có cơ hội trở thành một mảnh ghép của Trainee Program 2026 để cùng BTC tạo nên một hành trình đáng nhớ.
A3: 2 | B3: 46309.904 | C3: 46309.931 | D3: anonymous | F3: Nguyễn Thanh Thien | G3: 26521909 | H3: 39501 | I3: 26521909@gm.uit.edu.vn | J3: KHTA2026 | K3: https://www.facebook.com/share/19cskKNANU/?mibextid=wwXIfr | L3: - thích thử và học hỏi những cái mới - đam mê âm nhạc, quay chụp ( dù chưa có nhiều kinh nghiệm :P) - thích sáng tạo - hướng nội - làm việc ít theo kế hoạch - nghĩ quá nhiều trước khi bắt tay vào làm một việc gì đó | M3: Trong một dự án nhóm về chủ đề AI trong đời sống của môn Tiếng Anh năm lớp 12, em đã có cơ hội tìm hiểu và thực hành các kỹ năng về quay dựng video. Em đã học các tutorial trên mạng, tham khảo các sản phẩm có sẵn cũng như nhờ sự trợ giúp của AI để lựa chọn các góc quay, sắp xếp nội dung truyền tải cũng như học sử dụng phần mền dựng video và dựng video cơ bản. Dự án đó đã giúp em cải thiện những kỹ năng về quay dựng, teamwork cũng như kịch bản. Và sản phẩm đó dù không lớn nhưng đã là một thành quả tâm huyết đối với em. Em cảm thấy việc tự học một thứ gì đó sẽ dễ dàng hơn khi có một mục tiêu cụ thể để thực hành. | O3: Truyền thông - Sự kiện | T3: Photography;Content;Video; | U3: biết dùng canva cơ bản | V3: có máy ảnh nhưng ít khi dùng, chủ yếu là điện thoại | W3: https://drive.google.com/file/d/1W5L0I_hMEW8eU5xSDPTfj7ngz6j_RMZ3/view?usp=drive_link | X3: đi dạo, gặp gỡ bạn bè, tham khảo ý tưởng trên mạng | Y3: Em nghĩ đó là ý kiến từ chỉ một thành viên, nên em sẽ hỏi rõ lý do thành viên đó không đồng tình với ý tưởng của mình. Ngoài ra vì làm việc trong một tập thể nên những ý kiến từ những thành viên khác cũng rất quan trọng. Nếu có thêm những ý kiến, đánh giá từ các thành viên khác thì em nghĩ kết quả cho ra sẽ làm hài lòng đc tất cả. | Z3: hăm | AA3: hăm | AB3: hăm | AC3: Em mong được kết nối và học hỏi thêm về cách làm việc và kinh nghiệm của mọi người. Và em cũng muốn bản thân trở nên chủ động và tích cực hơn ở môi trường đại học, và Trainer Program sẽ là bước chạy đà hoàn hảo đối với em. | AD3: em yeu CS 🫰
A4: 3 | B4: 46310.391 | C4: 46310.41 | D4: anonymous | F4: Nguyễn Thanh Anh Thư | G4: 26521973 | H4: 39486 | I4: 26521973@gm.uit.edu.vn | J4: TTNT2026 | K4: https://www.facebook.com/share/1DZ1m13yY3/ | L4: - Mình hay được bạn bè nhận xét là nhiệt tình, tốt bụng, và đôi lúc hơi trầm tính - Điểm mạnh của mình là luôn sẵn sàng hỗ trợ mọi người, cả việc mình chưa biết làm mình cũng sẵn sàng để học, và nếu đã làm mình sẽ cố gắng làm mọi việc đến nơi đến chốn, không để mọi người thất vọng - Điểm yếu chí mạng của mình là khả năng giao tiếp và hội nhập của mình hơi yếu, mình sẵn sàng đáp lại mọi người nhưng chưa biết cách hủ động bắt chuyện, mình đang cố gắng khắc phục điểm yếu này, đó cũng là 1 phần lí do mình tham gia chương trình này | M4: - Một kỹ năng mà mình học được trong quá trình học tập là cách quản lý thời gian và sắp xếp công việc. Trước đây, mình thường làm mọi việc theo cảm hứng, đôi khi dành quá nhiều thời gian cho một công việc mà quên mất những việc khác cần hoàn thành. Sau một vài lần gặp khó khăn trong việc cân bằng giữa học tập và các hoạt động cá nhân, mình bắt đầu tập thói quen lên kế hoạch, liệt kê những việc cần làm và ưu tiên những công việc quan trọng. - Mình đã áp dụng kỹ năng này trong những khoảng thời gian có nhiều bài tập và bài kiểm tra cùng lúc. Việc chia nhỏ công việc và đặt ra thời hạn hoàn thành giúp mình chủ động hơn, hạn chế tình trạng dồn việc vào phút cuối. Dù đôi lúc vẫn chưa thực hiện đúng kế hoạch, mình cảm thấy bản thân đã cải thiện được khả năng quản lý thời gian và có trách nhiệm hơn với những công việc mình đảm nhận. | O4: Hệ thống | P4: - Python và C++ - Mình tiếp xúc lần đầu qua học trên lớp, rồi mình có hứng thú và bắt đầu tìm các bài tập trên các web luyện code | Q4: Chưa có | R4: Đầu tiên, mình sẽ chủ động làm quen và trao đổi với các thành viên trong nhóm để mọi người hiểu nhau hơn, đồng thời tìm hiểu điểm mạnh, điểm yếu và khả năng của từng người. Vì đây là một task hoàn toàn mới nên mình nghĩ cả nhóm cần dành thời gian tìm hiểu yêu cầu, nghiên cứu tài liệu và tham khảo cách thực hiện những công việc tương tự trước khi bắt tay vào làm. Sau đó, nhóm sẽ cùng thảo luận, thống nhất hướng giải quyết và phân chia công việc dựa trên khả năng của từng thành viên. Về timeline, mình dự định dành ngày đầu tiên để làm quen và phân tích yêu cầu, ngày thứ 2 để nghiên cứu và lên kế hoạch, ngày 3 đến ngày 5 để thực hiện công việc. Ngày thứ 6, cả nhóm sẽ tổng hợp kết quả, kiểm tra và chỉnh sửa những điểm chưa hợp lý. Ngày cuối cùng sẽ dành để hoàn thiện và nộp sản phẩm. Trong quá trình làm việc, mình sẽ cố gắng duy trì việc trao đổi thường xuyên giữa các thành viên để kịp thời hỗ trợ nhau khi gặp khó khăn. Mình cũng sẽ chủ động hoàn thành phần việc của bản thân và sẵn sàng tiếp nhận góp ý từ mọi người. | S4: Có thể rèn luyện tư duy lập trình, có thêm kinh nghiệm làm việc | AC4: Mình hi vọng sẽ có thêm nhiều bạn mới, cũng như trau dồi thêm những trải nghiệm của bản thân
A5: 4 | B5: 46310.624 | C5: 46310.632 | D5: anonymous | F5: Trương Chí Đạt | G5: 25520298 | H5: 39194 | I5: 25520298@gm.uit.edu.vn | J5: MMTT2025 | K5: https://www.facebook.com/truong.chi.at.2025?locale=vi_VN | L5: -Khó tập trung nhưng nếu có hứng thú thì gần như là không thể rời bàn học -Khả năng tiếp thu thông tin bằng hình ảnh khá tệ nhưng học hỏi từ văn bản và có minh hoạ thực tế thì tiếp thu không sót chữ nào | M5: tự học làm game, khá là ngột ngạt nhưng bị cuốn hút vì nùi thông tin, tài liệu khá vui, hứng thú và còn làm đến giờ | N5: Thứ 3 - Thứ 5 - Thứ 7 | O5: Hệ thống | P5: C# và C++ là chủ yếu, nhưng hiện tại chỉ tập trung nhiều vào C# (có một ít từ GDscript nma nó chỉ gói gọn vào Godot Engine nên không đáng) Học qua làm game và sự kiện Devo và mấy cái project cá nhân như làm game qua Unity và hiện tại là event devapp của bhtcnpm | Q5: Devops | R5: cái này phải tuỳ vào nhóm, chứ mình thì sẽ thiên về tìm hiểu thông tin cho phần mình | S5: học thêm tí về hệ thống với phần mềm :v | AC5: ai biết, chứ nghe là muốn nâng trình hệ thống lên rồi | AD5: nào có hỏi seu
A6: 5 | B6: 46310.693 | C6: 46310.712 | D6: anonymous | F6: Hồ Nhất Nam | G6: 26521293 | H6: 39608 | I6: 26521293@gm.uit.edu.vn | J6: KHMT2026.2 | K6: https://m.facebook.com/nhatnam.ho.52438/?http_ref=eyJ0cyI6IjE3OTIwNTY5ODA1NjkiLCJyIjoiaHR0cHM6XC9cL3d3dy5nb29nbGUuY29tXC8ifQ%3D%3D | L6: Nếu dùng từ để mô tả bản thân thì theo mình là ổn định. Và mình nghĩ nó vừa là điểm mạnh vừa là điểm yếu. Bởi vì mình hiếm khi nào có thể vượt trội hẳn, hay tạo ra khác biệt sáng tạo. Ưu điểm thì rõ ràng là sẽ không thể hiện quá tệ hại | M6: Kĩ năng mình học được mà mình nhớ mãi là kĩ năng vẽ, mình tự học như sở thích. Vẽ là sở thích của mình và mình thật sự rất bất ngờ khi nó áp dụng được cho khá nhiều thứ, dù hơi nhỏ nhặt. Thực dụng nhất là mình áp dụng vẽ để vẽ thuê kiếm thu nhập. Còn trừu tượng hơn thì mình cảm thấy vẽ khiến mình để ý kĩ những chi tiết nhỏ nhặt và khả năng cảm giác về tổng thể | N6: Thứ 2 - Thứ 4 - Thứ 6 | O6: Hệ thống | P6: Mình đã tiếp xúc với ngôn ngữ Python và C++. Cách mình tiếp cận thì C++ mình học được trên trường đại học qua các bài tập,project còn Python mình học qua youtube. | Q6: Mình muốn làm về computer vision và trí tuệ nhân tạo trong lĩnh vực giọng nói, âm thanh | R6: Trước tiên thì mình sẽ xem xem task đó như thế nào, làm về gì, gồm những phần chính nào. Sau đó tìm hiểu xem những phần đó đại khái làm như thế nào rồi đưa ra ý kiến trong nhóm về những phần đó đồng thời chọn phần mình cảm thấy phù hợp nhất.Và tiếp đó là chia thời gian và báo cáo tiến độ.Nếu phần mình làm vẫn còn lấn cấn dù mình đã tìm hiểu thì mình sẽ hỏi bạn leader hoặc anh chị hướng dẫn hoặc anh chị khóa trên mình quen. Và tiến trình task ổn định kịp 7 ngày thì ổn , nếu không thì mình sẽ xem tổng thể là tại sao không kịp, nếu xử lí vấn đề đó mà không kịp 7 ngày thì có lẽ mình sẽ thừa nhận năng lực còn kém và xin anh chị kéo dài thời gian ra vài ngày | S6: Mình muốn tìm hiểu những kiến thức liên quan đến computer vision và trí tuệ nhân tạo. Cũng đồng thời mình muốn cải thiện kĩ năng mềm của bản thân | AC6: Mình mong đợi mình có thể học được nhiều thứ và quan trọng hơn hết là có thể áp dụng được chứ không chỉ kiến thức lý thuyết | AD6: Mình cảm thấy Trainee Program rất có ý nghĩa với các bạn tân sinh viên như mình.
A7: 6 | B7: 46310.597 | C7: 46310.791 | D7: anonymous | F7: Trần Thu Hương | G7: 26520666 | H7: 39676 | I7: 26520666@gm.uit.edu.vn | J7: KHMT2026.1 | K7: https://www.facebook.com/nhimkhonggaii | L7: Điểm mạnh : - Có trách nhiệm với nhiệm vụ được giao - Tinh thần học hỏi cao - Năng động, nhiệt huyết Điểm yếu : - Chưa có quá nhiều kinh nghiệm tham gia các hoạt động - Không quá tự tin khi phát biểu ý tưởng | M7: Ở cấp 2, trong một lần lướt tiktok thì mình lướt dính được một vid dạy về cách ứng dụng của hiệu ứng morph trong powerpoint và canva, giúp slide và bài thuyết trình được chuyển cảnh một cách mượt mà và chuyên nghiệp hơn. Sau khi coi xong video đó, trùng hợp là mình cũng đang có một bài thuyết trình và được phân vào nhiệm vụ làm slide, vì vậy mình đã thử áp dụng những gì đã học được vào slide của mình, dù lúc ấy chỉ mới học được một chút và slide mình vẫn chưa quá hoàn hảo, nhưng morph vẫn giúp slide mình nổi bật hơn các nhóm khác trong lớp vào thời điểm ấy, và nhóm mình được giáo viên cho điểm khá cao ở phần slide trình bày. Dù chỉ là 1 video ngẫu nhiên xuất hiện khi đang giải trí, nhưng mình rất biết ơn video ấy đã giúp mình học được kỹ năng dùng morph và bắt đầu tìm hiểu nhiều hơn về nó, thậm chí đến bây giờ mình vẫn còn sử dụng morph rất nhiều trong các slide khác vì tính thẩm mỹ cũng như sự linh hoạt mà nó mang lại. | N7: Thứ 2 - Thứ 4 - Thứ 6 | O7: Truyền thông - Sự kiện | T7: Graphic design; | U7: không | V7: Chỉ điện thoại | W7: không | X7: không | Y7: không | Z7: Mình chưa có quá nhiều cơ hội được tổ chức một hoạt động hay sự kiện , trước đây nếu có thì mình thường là hậu cần, nhân sự và làm theo nhiệm vụ của leader giao cho, mình làm các vị trí này vì mình chưa hoàn toàn tự tin vào khả năng leader của mình. Nhưng mình mong sau này nếu đã có đầy đủ kỹ năng và kinh nghiệm, mình sẽ được làm leader thử 1 lần và cố gắng hết sức trong sự kiện ấy | AA7: Nếu mình là một người quản lí, mình sẽ cố gắng tạo không khí cởi mở trước, hỏi thăm mọi người về lĩnh vực yêu thích cũng như điểm mạnh riêng để có thể bàn giao công việc một cách hợp lí, ghi nhận đóng góp và phản hồi của các thành viên, việc hài lòng với nhiệm vụ được giao là nền móng quan trọng để mọi người thoải mái hơn trong lúc làm việc cùng nhau, tiếp thêm động lực để mọi người chủ động và gắn kết hơn trong tập thể | AB7: Nếu có sự cố nghiêm trọng bất ngờ xảy ra, mình nghĩ việc đầu tiên phải làm là bình tĩnh xác định mức độ của sự cố, trấn an người tham dự và tìm nguyên nhân xảy ra sự cố ngay lập tức, chủ động liên hệ các thành viên để giải quyết vấn đề cũng như nghĩ ra giải pháp tốt nhất để khắc phục sự cố cùng mọi người | AC7: Mình muốn học thêm nhiều kỹ năng hơn và cải thiện các kỹ năng đang có. Ngoài ra, tham gia trainee cũng có thể giúp mình kết thêm nhiều bạn bè mới, học hỏi nhiều điều từ mọi người và cải thiện bản thân qua từng ngày | AD7: Mình mong BTC sẽ cho mình một nơi học tập hiệu quả các kỹ năng, cũng như giúp mình kết nối được nhiều bạn bè hơn, được tổ chức và tạo ra nhiều sự kiện cùng mọi người
A8: 7 | B8: 46310.922 | C8: 46310.932 | D8: anonymous | F8: Phan Trần Minh Trí | G8: 26522113 | H8: 39752 | I8: 26522113@gm.uit.edu.vn | J8: KTMT2026.3 | K8: https://www.facebook.com/phan.tri.414364 | L8: Nghĩa Khí - Thẳng Thắn - Cầu Tiến Điểm mạnh : - Luôn có trách nhiệm trong các công việc được giao - Luôn làm việc có mang lại giá trị , không bao giờ làm những chuyện mà không mang lại giá trị cho bản thân hay xã hội - Luôn thẳng thắn trong mọi vấn đề - Luôn cầu tiến bản thân phát triển , thăng tiến trong cuộc sống - Luôn nghĩa khí , lúc hoạn nạn được giúp đỡ thì khi ân nhân gặp vấn đề , sẽ giúp bằng mọi cách . Sống không để mình nợ ai , cũng không để ai nợ mình. Điểm Yếu : - Quan điểm em luôn đặt việc học là ưu tiên hàng đầu , nên nếu trường hợp những việc giao đột xuất không có trong kế hoạch thì em xin phép ko thực hiện - Luôn thẳng thắn quá mức nên đôi khi thiếu sự mềm dẻo | M8: Lần em nhớ nhất chính là kỹ năng tự học , và em hiểu được điều đó rõ hơn là khi bước chân vào môi trường đại học . Ngay từ khi vào lớp 10 , em đã phải quen cách tự học vì phương châm trường em là Tự Học Làm Cốt , và thực tế em áp dụng nó trong suốt quá trình học THPT nhưng khi lên Đại học em thấy rõ nó hơn và nó quan trọng đến mức nào. | N8: Thứ 3 - Thứ 5 - Thứ 7 | O8: Hệ thống | P8: Em thì mới học Lập Trình C++ từ khi nhập học UIT đến giờ , em cảm thấy tư duy logic giải quyết vấn đề nó quan trọng nhất và nó mới quyết định ai lập trình giỏi hơn , vì nếu chỉ đơn giản nhớ toàn bộ câu lệnh và áp nó vào cho tất cả các bài thì nó chả có ý nghĩa và việc đó AI làm được . | Q8: Em định hướng phát triển các hệ thống IOT , AI và dĩ nhiên vẫn biết lập trình WEB , Game | R8: Dạ đầu tiên thì cùng nhau bàn và nói rõ năng lực mỗi người , phân công chuyên môn ứng với từng người . Deadline 7 ngày thì ưu tiên học kiến thức làm trong 3 ngày đầu tất cả cùng nhau học những kiến thức để làm được , người nào hiểu kiến thức nào trước có thể hỗ trợ nhau , trong 3 ngày này không những học mà ta còn xây dựng phương án kế hoạch chi tiết . Sau đó còn 4 ngày thì tất cả làm trong 3 ngày xong sản phẩm . Và ngày cuối cùng sẽ là ngày test sản phẩm , kiểm tra lỗi . | S8: Em muốn hiểu hơn về các kiến thức lĩnh vực lập trình | AC8: Em mong đợi bản thân có thể học hỏi được nhiều kiến thức , kinh nghiệm và kết giao được nhiều mối quan hệ chất lượng hơn | AD8: Khi đăng ký tham gia Trainee Program 2026 của Khoa Khoa Học Máy Tính UIT, em rất hào hứng nhưng cũng có một vài trăn trở nhỏ: -Cân bằng thời gian: Việc sắp xếp thời gian hợp lý giữa việc học tập, làm bài tập tại UIT với các hoạt động, sự kiện của Chương Trình để hoàn thành tốt cả hai trách nhiệm. -Hòa nhập môi trường mới: Là thành viên mới , mà bản thân còn không thuộc Khoa Khoa Học Máy Tính, em lo lắng chưa thích nghi ngay được với tiến độ công việc hoặc văn hóa sinh hoạt của Trainee Program 2026. -Kỹ năng thực tế: Lo lắng bản thân chưa có nhiều kinh nghiệm hơn hết là kỹ năng khi làm việc với các bạn thuộc Khoa Khoa Học Máy Tính vì các bạn rất giỏi. Tuy nhiên, em coi đây là cơ hội để học hỏi và rèn luyện. Em tin tưởng các anh chị và các bạn trong sẽ luôn hỗ trợ và đồng hành cùng người mới!
A9: 8 | B9: 46310.932 | C9: 46310.966 | D9: anonymous | F9: Nguyễn Tuấn Hưng | G9: 26520645 | H9: 39612 | I9: 26520645@gm.uit.edu.vn | J9: KHMT2026.1 | K9: https://www.facebook.com/hung.nguyen.255168 | L9: Mô tả đơn giản: Gì cũng biết những chẳng biết thứ gì Điểm mạnh: Thích tìm hiểu và học thêm kĩ năng mới, đa dạng lĩnh vực. Có tinh thần tự học Có trách nhiệm với nhiệm vụ Điểm yếu: Không thực sự quá tốt trong 1 lĩnh vực nào. Đôi lúc còn nóng vội | M9: Learn on tiktok =))) Em đã học cũng học kha khá kĩ năng như cách propmt, tư duy xử lý vấn đề các thứ ở mạng xã hội. Áp dụng trong đời sống thường ngày chứ cũng chưa có lần nào áp dụng cụ thể đủ ấn tượng để nhớ =) | N9: Thứ 2 - Thứ 4 - Thứ 6 | O9: Hệ thống | P9: Ngôn ngữ lập trình đã tiếp xúc: -Pascal: là học khi thi hsg ở THCS -C++: Tiếp xúc khi học chuyên Tin THPT -Python: là tự tìm hiểu thêm trong quá trình học | Q9: Chưa có | R9: Em sẽ xử lý theo các bước Ngày 1: 1: Làm quen các bạn, nói chuyện và tạo nhóm các thứ để có thể liên lạc làm việc chung 2: Bóc tách Task cần xử lý thành những bài toán con để tiện cho việc phân chia 3: Tổ chức họp bàn phân công, cho các bạn xung phong chọn phần việc phù hợp (phải trình bày được kĩ năng cá nhân phù hợp với phần việc đó) 4: Đặt deadline rõ ràng cho các công việc, yêu cầu làm đúng hạn Ngày 2-4: 1: Tiến hành công việc của mỗi thành viên (Yêu cầu có trách nhiệm với phần việc được phân công) 2: Giúp đỡ nhau trong quá trình làm 3: Báo cáo tiến đội mỗi cuối ngày để nhóm tiện theo dõi và xử lý phù hợp Ngày 5: 1: Họp báo cáo kết quả làm việc 2: Tiến hành ráp các bài toán con vào task cần xử lý 3: Kiểm tra hoạt động và đề xuất những phương án bổ sung tối ưu hoạt động 4: Triển khai những bổ sung hợp lý (Back up bản gốc kẻo chết =))) ) Ngày 6: 1: Họp báo cáo hoàn thành Task 2: Đồng kiểm tra, đảm bảo hoạt động ổn 3: Chuẩn bị các thủ tục cần thiết trước khi bàn giao sản phẩm Final 4: Giao thành phẩm bản demo cho người giao task. (Chưa đủ wow thì vẫn còn ngày cuối để sửa ^_^ ) 5: Nếu chưa đủ wow: Triển khai sửa đổi/tối ưu theo yêu cầu. Ngày 7: 1: Hoàn thành bản Final_of_Final 2: Bàn giao cho người giao Task | S9: Em mong muốn học thêm về những kiến thức về giải thuật và lập trình, tư duy vận hành hệ thống, xử lý và bảo mật dữ liệu | AC9: Học thêm kĩ năng mới phù hợp và hữu ích cho bản thân Có thêm những mối quan hệ mới | AD9: #adduyet
A10: 9 | B10: 46311.414 | C10: 46311.441 | D10: anonymous | F10: Lê Quang Khải | G10: 26520777 | H10: 39454 | I10: 26520777@gm.uit.edu.vn | J10: KHMT2026.1 | K10: https://www.facebook.com/share/17QcV6ofEo/ | L10: - Em là người có chí tiến thủ, luôn mong muốn phát triển bản thân, học hỏi những điều mới và hướng đến những mục tiêu dài hạn. - Em có tinh thần tự học, sự kiên trì, khả năng phân tích và thích tìm hiểu bản chất của vấn đề thay vì chỉ tiếp nhận kiến thức một cách thụ động. - Em là người có trách nhiệm, chủ động tìm kiếm cơ hội và sẵn sàng tiếp thu góp ý để cải thiện bản thân. - Em sống tình cảm, biết quan tâm, coi trọng các mối quan hệ và luôn cố gắng thấu hiểu cảm xúc của những người mình yêu quý. - Em có khả năng tự nhìn nhận bản thân, nhận ra những thiếu sót và rút kinh nghiệm từ những trải nghiệm trong học tập cũng như cuộc sống. - Đôi khi em suy nghĩ quá nhiều, dễ bị ảnh hưởng bởi cách người khác đối xử với mình, đặc biệt là những người quan trọng đối với em. - Em có xu hướng đặt kỳ vọng cao vào bản thân, đôi khi tự tạo áp lực và chưa thực sự kiên nhẫn với những thiếu sót của mình. - Em đôi khi chưa biết cách bộc lộ cảm xúc và chia sẻ những khó khăn của bản thân, thường có xu hướng giữ những cảm xúc tiêu cực trong lòng. - Em cần học cách cân bằng giữa việc quan tâm đến người khác và chăm sóc bản thân, đồng thời xây dựng sự tự tin và khả năng giữ vững giá trị của mình trước những tác động bên ngoài. - Em luôn mong muốn hoàn thiện bản thân, không chỉ nâng cao năng lực chuyên môn và đạt được thành tựu trong học tập, sự nghiệp mà còn trở thành một người trưởng thành, vững vàng về cảm xúc và chân thành trong các mối quan hệ. | M10: Có một kỹ năng mà em đã rèn luyện và áp dụng từ năm lớp 10 là kỹ năng làm việc nhóm và quản lý công việc. Trong quá trình học cấp ba, em cùng các bạn trong tổ thường xuyên phối hợp thực hiện nhiều nhiệm vụ khác nhau như vệ sinh lớp học, chuẩn bị bài thuyết trình và hoàn thành các bài báo cáo. Để công việc diễn ra hiệu quả, nhóm em phân công nhiệm vụ rõ ràng cho từng thành viên, xác định thời hạn hoàn thành và thường xuyên trao đổi để theo dõi tiến độ. Khi cần thiết, chúng em tổ chức các buổi họp trực tiếp hoặc trực tuyến để thảo luận, giải quyết khó khăn và thống nhất cách thực hiện. Qua quá trình đó, em học được cách phối hợp với mọi người, sắp xếp công việc hợp lý, quản lý thời gian và có trách nhiệm với nhiệm vụ được giao. Em cũng hiểu rằng để làm việc nhóm hiệu quả, mỗi thành viên không chỉ cần hoàn thành phần việc của mình đúng hạn mà còn phải chủ động trao đổi, hỗ trợ lẫn nhau và cùng hướng đến mục tiêu chung. Em tin rằng những kinh nghiệm này sẽ giúp em thích nghi tốt hơn với môi trường đại học, đặc biệt trong các bài tập nhóm, dự án học tập và những hoạt động nghiên cứu trong tương lai. | N10: Thứ 2 - Thứ 4 - Thứ 6 | O10: Hệ thống | P10: Hiện tại, em đang là sinh viên năm nhất ngành Khoa học máy tính tại UIT và đang trong quá trình học tập, làm quen với ngôn ngữ lập trình C++. Vì mới bắt đầu tiếp cận với lập trình nên kinh nghiệm thực tế của em còn hạn chế, chủ yếu tập trung vào việc học các kiến thức cơ bản và làm quen với cách tư duy giải quyết vấn đề bằng lập trình. Em tiếp cận C++ thông qua các bài giảng, tài liệu học tập và quá trình tự tìm hiểu, thực hành những bài tập cơ bản để củng cố kiến thức. Em chưa có cơ hội tham gia các dự án lập trình thực tế hay các cuộc thi học thuật. Trong thời gian tới, em mong muốn xây dựng nền tảng lập trình vững chắc, tích lũy kinh nghiệm thông qua các bài tập và dự án nhỏ, từ đó từng bước nâng cao năng lực và chuẩn bị cho những cơ hội học tập, nghiên cứu trong tương lai. | Q10: Chưa có | R10: - Đầu tiên, em sẽ lập một group zalo/mess để các thành viên trong nhóm có thể thảo luận với nhau. - Tiếp theo đó, bọn em sẽ bàn với nhau những ai giỏi cái gì, có kỹ năng nào. Trong trường hợp các bạn không trả lời tin nhắn, em sẽ yêu cầu các bạn tạo môt cuộc họp online/offline để nói chuyện với nhau. Trong cuộc họp, em sẽ hỏi các bạn giỏi ở phần nào, có kỹ năng và sở trường ở phần nào của công việc. - Sau khi đã phân công, em sẽ lập một deadline (ghi rõ ngày, giờ) phải nộp báo cáo. Em cũng sẽ đề nghị mọi người chủ động báo trước nếu gặp khó khăn hoặc không thể hoàn thành đúng thời hạn. - Nếu có thành viên không hoàn thành công việc đúng deadline, đầu tiên em sẽ liên hệ để tìm hiểu nguyên nhân và nhắc nhở bạn hoàn thành sớm nhất có thể. Nếu bạn gặp khó khăn, em sẽ cùng các thành viên khác hỗ trợ hoặc điều chỉnh, phân chia lại công việc cho phù hợp để không ảnh hưởng đến tiến độ chung. - Nếu một thành viên nhiều lần không hoàn thành nhiệm vụ dù đã được nhắc nhở và hỗ trợ, em sẽ trao đổi thẳng thắn với bạn để thống nhất trách nhiệm và cách khắc phục. Trong trường hợp cần thiết, nhóm sẽ điều chỉnh lại cách phân công và ghi nhận rõ phần đóng góp của từng thành viên để bảo đảm sự công bằng. | S10: Em mong muốn tìm hiểu thêm về tư duy logic, cách giải quyết vấn đề trong lập trình, cũng như cách phát hiện và sửa lỗi (debug) trong quá trình xây dựng chương trình. Bên cạnh đó, em muốn làm quen với Git/GitHub để quản lý mã nguồn, tìm hiểu kiến thức cơ bản về cơ sở dữ liệu và cách thiết kế, vận hành các hệ thống thực tế. Vì hiện tại em mới bắt đầu học C++ và chưa có nhiều kinh nghiệm thực hành, em hy vọng có cơ hội học hỏi từ các anh chị, được tiếp cận với những kiến thức mới và áp dụng chúng vào các nhiệm vụ, dự án cụ thể. Qua đó, em mong muốn xây dựng nền tảng kỹ thuật vững chắc, nâng cao khả năng tự học và từng bước phát triển bản thân trong lĩnh vực Khoa học máy tính. | AC10: Khi tham gia Trainee Program 2026, em mong muốn có cơ hội học hỏi thêm những kiến thức và kỹ năng thực tế trong lĩnh vực Hệ thống, đặc biệt là tư duy logic, cách giải quyết vấn đề, phát hiện và sửa lỗi trong lập trình cũng như cách xây dựng và vận hành một hệ thống. Bên cạnh đó, em hy vọng được học hỏi kinh nghiệm từ các anh/chị cũng như các bạn cùng khóa, rèn luyện khả năng làm việc nhóm, giao tiếp và phối hợp trong quá trình thực hiện các nhiệm vụ chung. Vì hiện tại em vẫn đang trong giai đoạn đầu làm quen với lập trình, em mong chương trình sẽ giúp em xây dựng nền tảng vững chắc, tự tin hơn khi giải quyết các vấn đề kỹ thuật và từng bước áp dụng những kiến thức đã học vào thực tế. Em cũng hy vọng có thể đóng góp sức mình cho Ban Hệ thống và có thêm những trải nghiệm đáng nhớ trong quá trình tham gia chương trình. | AD10: - Em hy vọng có cơ hội được tham gia Trainee Program 2026 để học hỏi từ các anh chị, trau dồi
A11: 10 | B11: 46311.818 | C11: 46311.831 | D11: anonymous | F11: Võ Hoàng Đăng Duy | G11: 26520433 | H11: 39543 | I11: 26520433@gm.uit.edu.vn | J11: KHMT2024 | K11: https://www.facebook.com/share/1D5JfLCfHY/?mibextid=wwXIfr | L11: Kiên trì-Overthinking-Thân thiện | M11: Học được kĩ năng đi các tuyến xe buýt trong khu vực tphcm 1 cách thành thạo | N11: Thứ 3 - Thứ 5 - Thứ 7 | O11: Truyền thông - Sự kiện | T11: Content | U11: Không có | V11: Hăm có | X11: Đi ra ngoài ngắm cây cỏ trời đất hoặc đơn giản là xem mọi người xung quanh đang làm gì để tìm thêm ý tưởng | Y11: Hmm, mình nghĩ trước tiên mình sẽ lắng nghe thành viên đó trình bày lí do tại sao bạn ấy nghĩ như vậy, nếu ý kiến bạn ấy mang tính xây dựng, cải thiện ý tưởng thì mình sẽ ghi nhận và xem xét sửa đổi ý tưởng và cùng bạn ấy và mọi người thảo luận thêm. | Z11: Mình nghĩ sẽ là leader vì mình thấy mình khá thân thiện được với tất cả mọi người và có thể tuỳ tình huống, đối tượng mà phản ứng một cách khác nhau | AA11: Đơn giản là mình sẽ đưa ra quy tắc ai cũng có quyền đưa ra quan điểm của bản thân và khi 1 người nói thì tất cả mọi người còn lại phải cùng nghe và thảo luận, nếu vẫn có người không tôn trọng quan điểm người khác trong nhóm thì đầu tiên mình sẽ tạo chủ đề vui nhộn để giảm bầu không khí “không vui” đó, nếu diễn biến không tốt hơn mình sẽ nghiêm khắc nhắc nhở bạn đó. Đối với các bạn nhút nhát thì mình sẽ khuyến khích, tạo tiếng cười để các bạn ấy mạnh dạn hơn trong các hoạt động. Cuối cùng, công sức, nỗ lực nào cũng đáng được trân trọng nên mình và mn sẽ hoan nghênh những thành quả dù là nhỏ nhất của mỗi thành viên | AB11: Đầu tiên mình sẽ giải quyết vấn đề đó trước, mất điện-> nhờ trợ giúp( gọi bộ phận kỹ thuật, thợ điện,..),diễn giả đến trễ-> gọi cho họ-> hỏi lí do-> nói với khán giả-> tạo các câu chuyện vui nhộn để kéo dài thời gian-> nếu quá lâu thì chấp nhận huỷ | AC11: Mạnh dạn hơn trong việc làm việc nhóm, giao tiếp với người khác và có tinh thần tốt hơn | AD11: Mong BTC nhận emm!!!
A12: 11 | B12: 46311.853 | C12: 46311.873 | D12: anonymous | F12: Nguyễn Bảo Trâm | G12: 26522065 | H12: 39457 | I12: 26522065@gm.uit.edu.vn | J12: TTNT2026 | K12: https://www.facebook.com/josie.aranas.sanriba | L12: Mô tả bản thân: thích sự mới mẻ, hòa đồng, ham vui Điểm mạnh: giao tiếp khá, có vài năng khiếu Điểm yếu: ngại đứng trước đám đông | M12: trải nghiệm kĩ năng mới: em tự học quay video vì để nộp bài kỹ năng nghề nghiệp, đó là lần đầu làm video của em. Em thấy kĩ năng này rất cần thiết để tạo ấn tượng với mọi người. Em không thể diễn tả là em đã áp dụng nó cụ thể như nào trong quá khứ vì em mới học làm video. Em nghĩ sau này em sẽ còn luyện làm nhiều video nữa để phục vụ thuyết trình và các mục đích truyền thông, chia sẻ khác | N12: Thứ 2 - Thứ 4 - Thứ 6 | O12: Hệ thống | P12: Em đang học Python thông qua xem video YouTube và làm bài tập trên lớp. | Q12: dạ định hướng nghề nghiệp của em liên quan đến trí tuệ nhân tạo ạ. Lĩnh vực AI hiện nay rất đa nhiệm, làm ở nhiều mảng và vị trí, làm những công việc mà tưởng như chỉ dành cho con người kể cả lau dọn nhà cửa, nấu ăn, ăn xin, tái hiện ký ức người đã khuất, phân tích dữ liệu, dự đoán xu hướng, mô phỏng hiện tượng tự nhiên, hỗ trợ phẫu thuật, tự động hóa, sáng tác nghệ thuật, hỗ trợ học tập. Lĩnh vực AI đang khát nhân lực chất lượng cao ở việt nam để tạo ra các sản phẩm AI cải thiện đời sống con người và học AI sẽ giúp mình ứng biến linh hoạt và kiểm soát, nâng cấp AI phục vụ con người. | R12: bước 1: tạo group messenger hoặc zalo và add thành viên vào, làm quen nhanh bước 2: họp google meet, nêu ý tưởng về cách xử lý công việc, biểu quyết thống nhất ý tưởng bước 3: sau khi hỏi về năng lực và nguyện vọng của mọi người thì sẽ phân công và tiến hành làm việc bước 4: sau khi hoàn thành công việc, họp google meet để check và chỉnh sửa bước 1 và 2 hoàn thành cố gắng hoàn thành trong 1 ngày bước 3 và 4 hoàn thành trong 4 - 4,5 ngày, có thể đan xen giữa làm task và check chất lượng task khoảng 2 lần. | S12: em muốn học về cách design, vọc vạch các thiết bị để hiểu hơn về cách sử dụng, học khắc phục sự cố kĩ thuật trong các sự kiện | AC12: em mong bên cạnh việc trải nghiệm công việc của ban hệ thống, em cũng muốn học hỏi vài kỹ năng bên khâu tổ chức sự kiện ạ
A13: 12 | B13: 46311.902 | C13: 46311.922 | D13: anonymous | F13: Hoàng Thị Ngọc Mai | G13: 26521181 | H13: 39753 | I13: 26521181@gm.uit.edu.vn | J13: HTTT2026 | K13: https://web.facebook.com/mh.ba.dao.tung.hat.gao | L13: -Thư giãn, kiên nhẫn, trách nhiệm -Điểm mạnh: biết chịu trách nhiệm với nhiệm vụ của mình, tò mò với kiến thức mới và kiên nhẫn trên chính lựa chọn của chính mình -Điểm yếu: Giao tiếp kém, hơi hấp tấp và thiếu suy nghĩ với việc xảy ra trước mắt khi không có phương án dự phòng | M13: Mình đã học được kĩ năng Brain Dumping (ghi chép tự do) từ 1 người bạn cấp 3, kĩ năng này dạy mình cách viết ra hết những sáng kiến và ý tưởng nảy ra trong đầu mình rồi từ đó mới hiện thực hóa nó, chứ không phải là nghĩ ra rồi để quên nó. Cụ thể, vào một buổi giải bài tập của lớp, khi gặp bài khó, mình suy nghĩ và nghĩ ra nhiều hướng làm bài khác nhau, mình chọn cách viết hết ra note rồi từ những hướng đó để suy ra cách làm đúng và rõ ràng nhất. | N13: Thứ 2 - Thứ 4 - Thứ 6 | O13: Hệ thống | P13: C++ - Mình học trên youtube và cả trên trường - Chưa tham gia project hay cụôc thi học thuật nào nhưng rất muốn thử sức trong tương lai | Q13: ERP và BA. Muốn làm 2 vị trí này thì phải giỏi cả về phát triển hệ thống lẫn tư duy kinh tế. Mình sẽ là cầu nối giữa IT và khách hàng | R13: Đầu tiên, mình cho rằng việc làm quen và có tương tác là vô cùng quan trọng, mình sẽ để các bạn trong nhóm giới thiệu bản thân, năng lực, phương án đề xuất, góc thắc mắc và công việc mong muốn được làm trong task Từ những thông tin đó, mình sẽ lọc ra được nhiều thông tin hữu ích về từng thành viên trong nhóm, gợi ý nhóm bầu leader và đưa ra bảng tổng hợp thông tin của mình Mình sẽ cho cả nhóm deadline 1 ngày để tìm hiểu sơ bộ về task, nghĩ ra phương án nghiên cứu và những câu hỏi còn thắc mắc, dành thêm nửa ngày để phân công, chốt phương án, giao dealine và cùng nhau giải đáp các thắc mắc của nhau Dealine để tất cả mọi người hoàn thành là ngày 4 ngày rưỡi, 1 ngày còn lại, cả nhóm cùng nhau xem lại, đưa ra ý kiến ( có thể nhờ sự trợ giúp của ac khóa trên hoặc những người có chuyên môn), giải đáp thắc mắc và chỉnh sửa task thật chỉnh chu. | S13: Mong muốn hiểu thêm về cách vận hành hệ thống, làm cách để kiểm soát và code 1 hệ thống, các kiến thức sâu hơn về nó và những kiến thức ngoài luồng có liên quan | AC13: Có thêm kiến thức, thêm kinh nghiệm, quen nhiều bạn hơn, có kĩ năng mới và nếu may mắn thì sẽ được giúp sức cho các dự án của anh chị. | AD13: Em rất tò mò và muốn có cơ hội để thử sức trong ban của mình. Câu hỏi: em mới học lập trình từ khi vô trường thì có thể theo kịp với tiến độ bên mình không ạ?. Em cảm ơn
A14: 13 | B14: 46311.935 | C14: 46311.939 | D14: anonymous | F14: Bùi Mạnh Cường | G14: 26520212 | H14: 39454 | I14: 26520212@gm.uit.edu.vn | J14: KHMT2026.1 | K14: https://www.facebook.com/share/1CFni5cuBB/?mibextid=wwXIfr | L14: Tự tin Độc lập Kỷ luật Nhanh nhẹn | M14: Em học được cách tổ chức và xử lí rủi ro khi tổ chức sự kiện từ các anh chị và bạn bè vào những năm học ở bậc thpt | N14: Thứ 2 - Thứ 4 - Thứ 6 | O14: Hệ thống | P14: C/C++ HTML, CSS, Javascript và các framework react và tailwindcss | Q14: Research AI và software | R14: Đầu tiên em sẽ tìm hiểu mọi người qua tên tuổi và sở thích sao đó là thế mạnh và kiến thức của mọi ngừoi ở các mảng khác nhau. Dựa vào những dữ liệu trên em sẽ phân chia theo từng nhóm nhỏ để xử lí thêm nhiều đầu việc khác. | S14: Dạ em muốn tìm hiểu hết để tìm điểm mạnh | AC14: Em muốn kết được nhiều bạn và học được nhiều điều hơn về mảng kiến thức mình đang học | AD14: Em mong sẽ là một phần của Trainee!
A15: 14 | B15: 46311.89 | C15: 46312.005 | D15: anonymous | F15: Trịnh Văn Quân | G15: 26521706 | H15: 39712 | I15: 26521706@gm.uit.edu.vn | J15: KHMT2026.3 | K15: https://www.facebook.com/quan.trinh.161113 | L15: -Em tự định nghĩa bản thân em là một người biết thích nghi với mọi môi trường. -Em nghĩ điểm mạnh nhất của em là tinh thần kiên trì, không ngại khó, luôn muốn vượt qua giới hạn của bản thân đặt ra. -Bên cạnh đó điểm yếu của em có lẽ là việc em chưa chủ động tìm kiếm các cơ hội xung quanh để phát huy hiệu quá tính kiên trì của mình. | M15: Kỹ năng mà em thấy tự hào nhất có lẽ là kỹ năng phân tích và lên kế hoạch trước khi làm một điều gì đó. Cụ thể hoá việc học kỹ năng đó trong quá khứ thì có thể là việc em mời các bạn qua chung cư của em để ăn đồ ăn em nấu và ăn sinh nhật cùng em cho ấm cúng vì em không muốn phải ra quán tổ chức cầu kì, bình thường em cùng ba mẹ ăn ở nhà nhưng năm nay xa nhà nên em phải tự học kĩ năng này. Vì vậy đầu tiên em phân tích ngày và giờ trước và em quyết định chọn ngày chủ nhật vì hôm đấy hầu hết các sinh viên sẽ có thời gian rãnh và chỉ cách ngày sinh nhật em đúng 1 ngày, sau đó là giờ thì sẽ bắt đầu lúc 15h và cần nấu trước để đến 18 19h sẽ ăn và 21h 22h sẽ kết thúc vì sẽ có các bạn nữ đi xe về và các bạn ở kí túc xá về nên em chọn khung giờ sớm để không nguy hiểm và trong đó khung giờ đã chịu ảnh hưởng bởi những ý kiến của các bạn được em mời. Thứ hai là em phân tích mình nên mời những ai, trong đó thứ tự ưu tiên của em là các bạn thân thiết và ở gần mình trước rồi sau đó tới các mối quan hệ ân tình và cuối cùng là các bạn ở xa khá thân, vì căn hộ cũng chỉ sẽ chứa được khoảng 10 đến 12 bạn cùng 1 lúc nên em sẽ cân nhắc để phù hợp và em lọc ra được sẽ mời 12 bạn trong đó có những ngoại lệ là các bạn siêu thân ở xa và các bạn mới cùng phòng của em và và dự trù sẽ có khoảng 2 đến 3 bạn không đi vì sẽ có những bạn bận công việc và các vấn đề về khoảng cách xa về khuya. Cuối cùng là lên thực đơn thì em tham khảo những người có kinh nghiệm từng mời các bạn về nhà ăn thì có như mẹ của em, em có thể hỏi các món như thế nào và định lượng bao nhiêu và sau đó là tham khảo anh của em ở sài gòn về việc mua nguyên liệu ở đâu cho tươi ngon giá cả hợp lí, và tóm lại thì em kế hoạch được là mình cần một con gà để nấu 2 nồi lẩu gà lá é, 2 con cá tai tượng để chiên xù cuốn bánh tráng, 3 kí tôm để luộc và còn lại là rau củ và nước ngọt, trong đó gà, cá, tôm và lá é được đặt trước 1 ngày và ship tới còn rau và nước được em đi chợ trước 15h, cuối cùng là em sẽ học cách nấu các món đó trước 2 3 ngày để đến ngày ấy nấu tốt nhất. Những đã có những sai sót là việc em không kiểm soát được thời gian và để trôi thời gian tới hơn 10h là đến giờ không được làm ồn của chung cư vì vậy em đã bị cảnh cáo và không được tái phạm lần sau nếu không sẽ bị phạt tiền. | N15: Thứ 2 - Thứ 4 - Thứ 6 | O15: Hệ thống | P15: Em đã tiếp xúc với ngôn ngữ lập trình C++. Em đã tự xem video bàn giảng nhập môn lập trình của UIT trên Youtube và học tập theo lộ trình ấy, phương pháp học của em là thực hành ngay khi có kiến thức mới và gõ code thử những thắc mắc trong đầu và các trường hợp đặc biệt mà mình nghĩ ra để tìm kiếm điều mới xem có đúng không, và sau đó là luyện tập các bài tập liên quan đến kiến thức để ghi nhớ sâu sắc hơn. | Q15: Lĩnh vực em định hướng học tập là Machine Learning Quant Engineer. Hiểu biết của em về lĩnh vực Machine Learning Quant Engineer là mình sẽ xây dựng mô hình học máy để nhận định các mô hình giao dịch rồi từ đó đưa ra các quyết định giao dịch đầu tư tự động, để làm tốt mình cần học tốt các kiến thức toán học, lập trình, deep learning và thị trường tài chính | R15: Ngày 1: Em sẽ cùng nhóm tạo kênh liên lạc, tìm hiểu nhau và đánh giá năng lực riêng của mỗi người, sau đó mọi người sẽ tìm hiểu về tất cả các khía cạnh của task để hiểu mình cần làm gì. Ngày 2: Em sẽ cùng nhóm trao đổi và thống nhất phương pháp xử lí task cho tối ưu nhất, sau đó là phân chia công việc phù hợp tuỳ theo khối lượng và độ khó để xác định số người và cuối cùng là xây dựng timeline cụ thể cho từng phân trước khi triển khai. Ngày 3-4: Triển khai công việc, họp lại sau mỗi ngày để chia sẻ các khó khăn đang gặp phải và tìm phương án giải quyết và cũng như kiểm tra tiến độ của mỗi phần. Ngày 5: Tổng hợp các phần mà mọi người đã làm sau đó thảo luận và đánh giá lại Ngày 6: Chạy thử dự án và tối ưu các phần còn thiếu sót. Ngày 7: Tổng kết sản phẩm và đút kết các kinh nghiệm cho lần sâu | S15: Về tưu duy xử lí vấn đề và tiếp cận các kiến thức chuyên ngành | AC15: Giao lưu kết bạn, tìm kiếm những kiến thức mới và tìm kiếm một cơ hội mới để giúp bạn thân đi nhanh và xa hơn | AD15: Ban tổ chức biết ở Trainee Program có gì mà ở nơi khác không có không? Là sắp có được em rồi đấy BTC ơi, hốt em lẹ lẹ i mà pls.
A16: 15 | B16: 46312.44 | C16: 46312.479 | D16: anonymous | F16: Lê Phú Thịnh | G16: 26521925 | H16: 39500 | I16: 26521925@gm.uit.edu.vn | J16: KHMT2026.3 | K16: https://www.facebook.com/pthinh222 | L16: - Từ ngữ: Chính trực - Điểm mạnh: học hỏi nhanh - Điểm yếu: không tự tin với năng lực của mình | M16: Em từng học một lớp hướng dẫn prompt AI hiệu quả và sau lần đó em biết sử dụng AI để học và sáng tạo, ví dụ như dùng AI để ôn thi các môn THPTQG nhất là môn toán | N16: Thứ 2 - Thứ 4 - Thứ 6 | O16: Hệ thống | P16: Em học C++ qua youtube và làm bài tập | Q16: Máy học và trí tuệ nhân tạo Em chỉ biết một vài kiến thức cơ bản về lĩnh vực này | R16: Kế hoạch của em sẽ là: Giới thiệu/Tìm hiểu năng lực của từng người để phân công, chia nhỏ deadline lớn thành từng deadline quá trình khoảng 1-2 ngày, nếu cần thì tìm sự giúp đỡ từ bên ngoài hoặc kết hợp AI hỗ trợ | S16: Kiến thức mới là được | AC16: Mong được học thêm nhiều điều mới
A17: 16 | B17: 46312.528 | C17: 46312.536 | D17: anonymous | F17: Dư Định Ngọc | G17: 26521358 | H17: 39464 | I17: 26521358@gm.uit.edu.vn | J17: KTMT2026.2 | K17: https://www.facebook.com/share/1CB4L3kEa3/ | L17: Ham vui - Điểm mạnh: thích sự kiện - Điểm yếu: lười | M17: Học online | N17: Thứ 2 - Thứ 4 - Thứ 6 | O17: Truyền thông - Sự kiện | T17: Graphic design;Photography | U17: Newbie | V17: Máy ảnh kĩ thuật số (DSLR/Mirrorless) | X17: Pinterest | Y17: Bảo người đó chứng minh ý tưởng của mình không hiệu quả | Z17: Dù ở vị trí nào cũng cố gắng làm tốt. Vị trí leader đã có kinh nghiệm qua các dự án nhỏm | AA17: Thông báo chung, bàn luận chung và cho vote để xem xét đưa ra quyết định cuối cùng | AB17: Câu giờ. Bản thân hoặc chỉ định 1 thành viên khác lên sân khấu làm quản trò, điều khiển các game giải trí | AC17: Không có | AD17: Không có
A18: 17 | B18: 46312.731 | C18: 46312.737 | D18: anonymous | F18: Lê Nhật Quang | G18: 26521714 | H18: 39634 | I18: 26521714@gm.uit.edu.vn | J18: ATTT2026.3 | K18: https://www.facebook.com/share/1JHNyhVJ9X/?mibextid=wwXIfr | L18: -Trầm tính -Điểm mạnh:Nhảy số nhanh trong một số trường hợp -Điểm yếu:Trình bày ý kiến kém | M18: Học được cách cài win trên mạng và tự áp dụng cho máy tính của mình | N18: Thứ 2 - Thứ 4 - Thứ 6 | O18: Hệ thống | P18: C++ và Python .Tiếp cận qua các bài tập | Q18: Bảo mật hệ thống web và ứng dụng | R18: Chia nhỏ từng phần cho mỗi người tự làm trước khoảng 2-3 ngày sau đó thảo luận chung và chỉnh sửa với các ngày còn lại | S18: Kiến thức về kiểm soát dữ liệu | AC18: Học hỏi thêm kiến thức và kĩ năng
A19: 18 | B19: 46312.818 | C19: 46312.831 | D19: anonymous | F19: Vũ Minh Khoa | G19: 26520965 | H19: 39650 | I19: 26520965@gm.uit.edu.vn | J19: KHMT2026.2 | K19: https://facebook.com/luoichepbai | L19: - Bá khí - Học nhanh (chắc vậy) - Ham ăn lười làm | M19: Tự học HTML, CSS lên trường làm web lùa bạn. | N19: Thứ 3 - Thứ 5 - Thứ 7 | O19: Hệ thống | P19: C++, từng làm bài tập | Q19: Phát triển công nghệ phần mềm | R19: Đầu tiên, nhóm họp nhanh 15 phút để phân chia công việc theo thế mạnh từng người và chốt tiêu chí đầu ra, sau đó dành 2 ngày đầu tìm kiếm tài liệu/mẫu có sẵn để lập khung giải pháp. Tiếp theo, mỗi cá nhân tự thực thi phần việc riêng kết hợp check-in ngắn 10 phút mỗi ngày để gỡ vướng, cuối cùng gom sản phẩm lại review chéo, sửa lỗi và hoàn thiện bản cuối để nộp đúng hạn. | S19: Python | AC19: Học thêm nhiều kỹ năng mới | AD19: Không Ok
A20: 19 | B20: 46312.828 | C20: 46312.844 | D20: anonymous | F20: Nguyễn Thành Đạt | G20: 26520290 | H20: 39745 | I20: 26520290@gm.uit.edu.vn | J20: KHMT2026.1 | K20: https://www.facebook.com/nguyen.thanh.at.424977/ | L20: -Bình thường. -Điểm mạnh: chịu khó -Điểm yếu: hơi rụt rè với những điều mới mẻ. | M20: Đa phần mình học hỏi một điều gì đó mới mẻ thông qua người khác. Mình đã học được rất nhiều điều từ những người xung quanh mình, và những điều mình thấy trong cuộc sống thường nhật. Cụ thể, mình đã học kĩ năng bắt chuyện với người lạ từ bạn cấp 3 và sau khi lên đại học mình đã áp dụng kĩ năng này để hỏi những người xung quanh về những điều mình chưa hiểu rõ. | N20: Thứ 2 - Thứ 4 - Thứ 6 | O20: Hệ thống | P20: Em tiếp xúc với ngôn ngữ lập trình python thông qua môn tin học cấp 3 | Q20: chưa có | R20: ngày đầu tiên mình cho mọi người tự giới thiệu về bản thân trước để làm quen, tìm hiểu ưu và nhược điểm của mọi người. Sau đó, mình phân công theo ưu, nhược điểm của từng người. Timeline là 4 ngày, 2 ngày cuối em dùng để chỉnh sửa lại. Phương pháp nghiên cứu em chọn là xem các nguồn tài liệu từ các wedsite như youtube, các hội nhóm liên quan,... đồng thời tiềm kiếm sách trên thư viện. | S20: Em không phaỉ là 1 học sinh chuyên Tin ở cấp 3, nên em muốn biết những kiến thức tin học cơ bản. | AC20: Học hỏi thêm được những kĩ năng mới và kiến thức sơ cấp của tin học | AD20: Em là 1 trang giấy trắng nên em mong mọi người có thể giúp vượt qua được thời gian newbie.
A21: 20 | B21: 46313.329 | C21: 46313.336 | D21: anonymous | F21: Phan Văn Minh Tiến | G21: 26522024 | H21: 39576 | I21: 26522024@gm.uit.edu.vn | J21: MMTT2026.3 | K21: https://www.facebook.com/share/1DifwuArT7/ | L21: -Thích nói chuyện -Cũng khá tự tin - Hơi nghĩ nhiều ạ | M21: Kỹ năng xem xe bus, qua GG map, hồi đó em với vào HCM nên chưa biết gì hết, có anh UIT khóa 2024 giúp em. Nên từ đó em đựng đợi là bật GG map . | N21: Thứ 3 - Thứ 5 - Thứ 7 | O21: Hệ thống | P21: Em mới biết về lập trình C++ gần đây | Q21: Devops, hạ tầng mạng, Cloud,.... quản trị hạ tầng mạng, server, vận hành đám mây | R21: Tìm hiểu sơ về năng lực các bạn, đưa ra khung thời gian của từng bạn rảnh, cùng nhau nghiên cứu trên mạng, phan công | S21: E mong muốn được tìm hiểu kiến thức về lập trình, các môn Toán cao cấp, kỹ năng thực tiễn ứng nghề nghiệp | AC21: Được tham gia các buổi trainer về học tập như chuẩn bị thi giữa kì, cuối kì..... | AD21: Nếu e bận quá thì e xin nghỉ nha
A22: 21 | B22: 46313.402 | C22: 46313.421 | D22: anonymous | F22: Nguyễn Thục Nghi | G22: 26521345 | H22: 39479 | I22: 26521345@gm.uit.edu.vn | J22: KHMT2026.2 | K22: https://www.facebook.com/share/19PWv5DSpD/ | L22: Không biết làm nhưng vẫn làm Thích trải nghiệm Ngu ngơ vì uit toàn người lạ | M22: Trong 1 lần về quê thì mk được tập chơi bóng bàn cùng anh họ, dù đang tập tiếp xúc bóng thôi nhưng mk thấy ổng vuốt bóng xoáy khá thú vị nên đã quan sát để bắt chước. Và ...uhm... nếu điều khiển được bóng cuộn theo ý mình thì bóng đánh ra khá nhanh và khó đoán. Bằng kĩ năng đó thì mình chơi hay hơn hẳn những người đánh cùng và mình thấy rất vui vì điều đó | N22: Thứ 2 - Thứ 4 - Thứ 6 | O22: Hệ thống | P22: C++ : học nhập môn lập trình ở lớp Python : tự học theo google course | Q22: - Công nghệ phần mềm - Vì xu hướng hiện nay đang chuyển từ Nghiên cứu AI sang ứng dụng AI và tích hợp. Hầu hết các web/app hiện nay (từ Thương mại điện tử, Tài chính, Y tế đến Quản lý doanh nghiệp) đều đang sử dụng Chatbot, tự động hóa quy trình, dự báo dữ liệu, và nhận diện sinh trắc học. | R22: Đầu tiên em sẽ họp làm quen để hiểu biết năng lực và cách làm việc của mỗi người, sau đó nghiên cứu vấn đề để tham khảo các ý kiến chốt hướng giải pháp. Từ thông tin trên chia task cho mn và nộp trước deadline 1 ngày để có thể phản biện, chỉnh sửa và tối ưu trước khi nộp | S22: Tối ưu cơ sở dữ liệu | AC22: Thử học nhiều điều mới về chuyên môn ngành
A23: 22 | B23: 46314.423 | C23: 46314.427 | D23: anonymous | F23: Trần Quang Minh | G23: 26521268 | H23: 39706 | I23: 26521268@gm.uit.edu.vn | J23: KTMT2026.2 | K23: https://www.facebook.com/share/1H2bL65DCB/?mibextid=wwXIfr | L23: -Có trách nhiệm, luôn cố gắng hoàn thành tốt công việc. -Hòa đồng, thân thiện và biết lắng nghe người khác. -Có tinh thần học hỏi, luôn muốn hoàn thiện bản thân. -Đôi khi còn thiếu tự tin khi phát biểu trước đám đông. -Khả năng quản lý thời gian chưa tốt. -Thỉnh thoảng suy nghĩ quá nhiều khi đưa ra quyết định. -Đôi lúc còn thụ động trong những tình huống mới | M23: Em từng học được kỹ năng làm việc nhóm thông qua các bài tập và dự án ở trường. Ban đầu, em còn khá lúng túng trong việc phân chia công việc và trao đổi ý kiến với các thành viên. Sau đó, em học cách lắng nghe, sắp xếp nhiệm vụ và phối hợp với mọi người. Em đã áp dụng kỹ năng này vào một bài thuyết trình nhóm, giúp cả nhóm hoàn thành công việc đúng thời hạn và đạt kết quả tốt. Qua trải nghiệm đó, em nhận ra rằng làm việc nhóm hiệu quả cần có sự giao tiếp, tinh thần trách nhiệm và hỗ trợ lẫn nhau | N23: Thứ 2 - Thứ 4 - Thứ 6 | O23: Hệ thống | P23: C++ làm bài tập trên lớp | Q23: Phát triển game | R23: Ngày 1: Làm quen với các thành viên, trao đổi để tìm hiểu điểm mạnh, kinh nghiệm và khả năng của từng người, đồng thời xác định mục tiêu và yêu cầu của task. Ngày 2: Cùng nhau tìm hiểu thông tin, nghiên cứu tài liệu từ các nguồn đáng tin cậy và tham khảo những cách giải quyết tương tự. Ngày 3: Dựa vào năng lực của từng thành viên để phân chia công việc phù hợp, thống nhất cách làm và thời hạn hoàn thành từng phần. Ngày 4–5: Các thành viên thực hiện nhiệm vụ được giao, thường xuyên cập nhật tiến độ và hỗ trợ nhau khi gặp khó khăn. Ngày 6: Tổng hợp kết quả, kiểm tra chất lượng, chỉnh sửa những phần chưa hợp lý và xin ý kiến đóng góp từ các thành viên. Ngày 7: Hoàn thiện sản phẩm cuối cùng, rà soát lần cuối và chuẩn bị báo cáo hoặc thuyết trình kết quả. | S23: Lập trình thi đấu | AC23: Thêm được nhiều kiến thức | AD23: Mở nhiều hoạt động
A24: 23 | B24: 46314.465 | C24: 46314.468 | D24: anonymous | F24: Nguyễn Minh Quân | G24: 26521694 | H24: 39756 | I24: 26521694@gm.uit.edu.vn | J24: KHMT2026.3 | K24: https://www.facebook.com/share/1FRZycmWWj/ | L24: . | M24: . | N24: Thứ 2 - Thứ 4 - Thứ 6 | O24: Truyền thông - Sự kiện | T24: Video | U24: . | V24: Máy ảnh kĩ thuật số (DSLR/Mirrorless) | W24: . | X24: . | Y24: . | Z24: . | AA24: . | AB24: . | AC24: . | AD24: .
A25: 24 | B25: 46314.62 | C25: 46314.64 | D25: anonymous | F25: Hồ Quang Vinh | G25: 26522265 | H25: 39497 | I25: 26522265@gm.uit.edu.vn | J25: KHMT2026.3 | K25: https://www.facebook.com/quangvinh.ho.7923030/ | L25: - Thích nghi và linh hoạt. - Điểm mạnh: không ngại khó khi học điều gì mới mà mình muốn - Điểm yếu: Ngại trước đám đông | M25: nhìn người khác bơi dần dần học theo, học cách nằm trên mặt nước qua người anh. áp dụng mỗi khi đi tắm biển để có trải nghiệm tuyệt hơn | N25: Thứ 3 - Thứ 5 - Thứ 7 | O25: Hệ thống | P25: - C++, Pascal trên trường, đại học và tự học Python - học qua mạng và các cuộc thi | Q25: Chưa có | R25: Đầu tiên là làm quen để thuận tiện trong giao tiếp và chắc hẳn sẽ cần một lãnh đạo. riêng bản thân mình sẽ tìm hiểu về công việc qua AI và thông tin trên mạng. sau đó xem năng lực của mình để thảo luận và chọn phần phù hợp với công việc. Sau đó vừa làm vừa báo cáo để tránh sai sót và đồng bộ với dữ liệu mà các thành viên khác đang làm | S25: hệ thống máy tính, lập trình | AC25: một trải nghiệm, kiến thức, kỹ năng mới
A26: 25 | B26: 46314.638 | C26: 46314.643 | D26: anonymous | F26: Nguyễn Nhân Thiện | G26: 26521907 | H26: 39729 | I26: 26521907 | J26: KHTA 2026 | K26: https://www.facebook.com/share/1LaDJfwGJh/ | L26: - Lười - làm biếng -Ngủ nhiều | M26: Chơi đàn guitar. Chán thì chơi cho vui | N26: Thứ 2 - Thứ 4 - Thứ 6 | O26: Hệ thống | P26: C,C++,Java, JavaScript, Python,C#,SQL,Rust. Từng làm bài tập về các ngôn ngữ này. | Q26: Chưa có | R26: Làm đại | S26: Ai biết | AC26: Không có mong đợi | AD26: Cho em vào học cho vui.
A27: 26 | B27: 46314.453 | C27: 46314.896 | D27: anonymous | F27: Võ Phương Nghi | G27: 26521347 | H27: 39544 | I27: 26521347@gm.uit.edu.vn | J27: KHMT2026.2 | K27: https://www.facebook.com/phuong.nghi.397954/?locale=vi_VN | L27: - Những từ mình dùng để mô tả bản thân: Cởi mở, hòa đồng, dám nghĩ dám làm - Điểm mạnh: + Có khả năng tư duy logic, giải quyết vấn đề + Có kỹ năng lập trình cơ bản + Giao tiếp, thuyết trình tốt - Điểm yếu: + Kỹ năng Tiếng Anh chưa tốt + Chưa tham gia nhiều vào các dự án mô hình thưc tế | M27: Mình đã từng được tham gia một buổi talkshow về AI, từ đó mình học được cách viết prompt chuẩn hơn. Mình đã ứng dụng được nó trong việc tìm kiếm thông tin trên các AI một cách dễ dàng hơn, tiết kiệm thời giam hơn lúc trước, hiệu quả đạt được cũng rất cao. | N27: Thứ 2 - Thứ 4 - Thứ 6 | O27: Hệ thống | P27: Mình đã tiếp xúc với C++ qua việc tự học hỏi và làm bài, mình cũng từng tham gia các cuộc thi học thuật có liên quan như Học sinh giỏi, Olympic 30/4, Trại hè Phương Nam... | Q27: Chưa có | R27: Đầu tiên, mình sẽ sắp xếp một buổi gặp mặt (hoặc họp trực tuyến) để mọi người trong nhóm có thể làm quen với nhau, đồng thời, chúng mình sẽ tìm hiểu được điểm mạnh, điểm yếu của từng thành viên trong task này. Từ đó sẽ phân công công việc phù hợp cho từng năng lực của mỗi người. Ngoài ra, mình sẽ chia deadline thành các khoảng thời gian khác nhau, ví dụ trong 2 ngày đầu, mọi người sẽ tập trung hoàn thành nhiệm vụ được giao của bản thân, nếu có khó khăn hay ý kiến sẽ đem ra thảo luận lại, 2 ngày kế tiếp sẽ hoàn thiện các phần của task, 1 ngày sau task phải được hoàn thiện đầy đủ nhất có thể, 2 ngày còn lại sẽ là thời gian mọi người kiểm tra lại và điều chỉnh (nếu có). | S27: Mình muốn tìm hiểu sâu hơn về các kiến thức thực tiễn, cũng như các vấn đề thực tế mà sau này sẽ gặp trong công việc. | AC27: Mình mong rằng qua chương trình bản thân sẽ được rèn luyện để ngày càng tốt hơn, cũng như hiểu rõ hơn con đường bản thân đã lựa chọn. Bên cạnh đó, mong rằng trong quá trình sẽ được gặp gỡ thêm nhiều anh chị và bạn bè, mong mình sẽ có những kỉ niệm đẹp với nhau. | AD27: Bản thân mình có thể vẫn còn nhiều thiếu sót, nhưng chính điều đó lại là lý do bản thân mình muốn tham gia Trainee Program, mình sẽ cố gắng hết sức để học hỏi và trao dồi thêm kiến thức của bản thân, mong Ban tổ chức sẽ tạo điều kiện cho mình có tấm vé này.
A28: 27 | B28: 46314.925 | C28: 46314.942 | D28: anonymous | F28: Đỗ Đức Minh Đăng | G28: 26520240 | H28: 39752 | I28: 26520240@gm.uit.edu.vn | J28: KHTA 2026 | K28: https://www.facebook.com/minhdang.do.315/ | L28: - Khi định nghĩa bản thân tôi sẽ dùng từ: kiên định, sáng tạo, lạnh lợi. - Điểm mạnh của tôi: hoà đồng. - Điểm yếu của tôi: ngại giao tiếp. | M28: Hồi đó tôi tự học kĩ năng code c++ và nó đã giúp tôi học nhập môn lập trình khá nhẹ nhàng. | N28: Thứ 2 - Thứ 4 - Thứ 6 | O28: Hệ thống | P28: Tôi đã học một chút c++. Tôi học bằng cách lên web làm bài tập. | Q28: Chưa có | R28: Thì tôi sẽ làm quen và tìm hiểu về điểm mạnh yếu của từng người vào ngày đầu sau đó phân công công việc hợp lý trong khoảng 3 4 ngày tới và chừa một số ngày để chỉnh sửa. | S28: Chưa rõ nhưng mong được học hỏi càng nhiều càng tốt | AC28: Học nhiều nhất có thể | AD28: Mong được anh chị chiếu cố
A29: 28 | B29: 46315.624 | C29: 46315.664 | D29: anonymous | F29: Nguyễn Thanh Anh Thư | G29: 26521973 | H29: 39486 | I29: 26521973@gm.uit.edu.vn | J29: TTNT2026 | K29: https://www.facebook.com/thu.nguyen.11991/?locale=vi_VN | L29: - Theo em, 3 từ định nghĩa nên bản thân mình chính là: nhiệt tình, sáng tạo, và tham vọng - Điểm mạnh: Tư duy logic tốt, do trước đây em là một học sinh giỏi Toán, và nhiệt tình, luôn sẵn sàng hỗ trợ mọi người. - Điểm yếu: Khả năng giao tiếp hơi kém, cách diễn đạt hơi không được rõ ràng | M29: Một kỹ năng mà em đã tự học được là sử dụng LaTeX để soạn thảo tài liệu và báo cáo học thuật. Ban đầu, em gặp không ít khó khăn khi phải tự tìm hiểu các câu lệnh và cách sử dụng công cụ mà không có người hướng dẫn trực tiếp. Tuy nhiên, bằng việc chủ động tìm kiếm tài liệu, tham khảo các nguồn hướng dẫn và kiên trì thực hành, em đã dần làm chủ được LaTeX và ứng dụng vào thực tế. Cụ thể, em đã sử dụng LaTeX để hỗ trợ giáo viên biên soạn tài liệu Toán học. Ngoài ra, em còn có cơ hội trở thành người đóng góp cho Math Olympiad and AI Training Program do xAI phối hợp cùng Trường Phổ thông Năng khiếu thực hiện, với công việc sưu tầm, tuyển chọn và biên soạn các bài toán khó bằng LaTeX. Trải nghiệm này không chỉ giúp em nâng cao kỹ năng sử dụng công cụ mà còn rèn luyện tính kiên trì, sự tỉ mỉ và khả năng tự giải quyết vấn đề. Qua đó, em nhận ra rằng tinh thần chủ động học hỏi và không ngừng thực hành chính là chìa khóa để tiếp thu và vận dụng hiệu quả một kỹ năng mới. | N29: Thứ 3 - Thứ 5 - Thứ 7 | O29: Hệ thống | P29: Em đã tiếp xúc với Python và C++. Python là thông qua chương trình học ở THPT và chương trình học đại học. C++ em đã biết cơ bản qua tự học thêm trên các trang như CodeLearn. | Q29: Chưa có | R29: Trước tiên, em sẽ chủ động làm quen với các thành viên, trao đổi để tìm hiểu thế mạnh, kinh nghiệm và khả năng của từng người. Sau đó, cả nhóm sẽ cùng phân tích yêu cầu của task, xác định mục tiêu và chia nhỏ công việc để phân công phù hợp. Về thời gian, em dự kiến dành ngày đầu tiên để tìm hiểu đề bài và phân công nhiệm vụ, ngày 2–3 để nghiên cứu tài liệu và đề xuất hướng giải quyết, ngày 4–5 để triển khai công việc, ngày 6 để tổng hợp, kiểm tra và chỉnh sửa, ngày cuối cùng để hoàn thiện sản phẩm. Trong quá trình thực hiện, nhóm sẽ thường xuyên trao đổi tiến độ, hỗ trợ nhau khi gặp khó khăn và chủ động điều chỉnh kế hoạch nếu cần thiết. Với những vấn đề chưa từng tiếp cận, em sẽ ưu tiên tìm hiểu từ tài liệu chính thống, tham khảo các dự án tương tự và thử nghiệm những hướng giải quyết khả thi. | S29: dạ em mong muốn được hiểu thêm về gần như mọi thứ, từ cách thiết kế, xây dựng và nâng cấp một hệ thống đến tư duy lập trình, học thêm các ngôn ngữ mới. Lí do cũng bởi vì em chưa từng có kinh nghiệm lập trình trước đây. | AC29: Do em chưa có kinh nghiệm về lập trình, cả thi đấu hay làm một dự án cá nhân, đây là lần đầu tiên em tham gia một chương trình với vai trò thành viên ban Hệ Thống, em hi vọng sau khi tham gia chương trình em sẽ có thêm nhiều kinh nghiệm và kiến thức hơn cho công việc sau này, cũng như kết bạn được với các bạn bè, anh chị cùng chí hướng.
A30: 29 | B30: 46315.766 | C30: 46315.782 | D30: anonymous | F30: Nguyễn Việt Thắng | G30: 26521848 | H30: 39121 | I30: 26521848@gm.uit.edu.vn | J30: KHMT2026.3 | K30: https://www.facebook.com/nvt.827 | L30: - Em chủ động với những điều mình muốn - Em sẵn sàng và luôn thích học những điều mới - Em tự tin vào bản thân và đôi khi là tự cao... - Em hay nghĩ nhiều :(( | M30: Kỹ năng đó là "giao tiếp bình an" a. Em học được trong 1 lần tham gia trại hè của học bổng VietHope. Kỹ năng này giúp em bình tĩnh và nghĩ đến đối phương nhiều hơn. Một lần gặp chuyện k đúng ý, em chậm lần, hít thở 3 lần và quan sát cảm xúc của người đối diện rồi từ từ mở lời a. | N30: Thứ 2 - Thứ 4 - Thứ 6 | O30: Hệ thống | P30: C/C++ và Python. Em tự học, và trao dồi bằng cách tham gia lập trình thi đấu và các cuộc thi như AI challenge ạ. | Q30: Chưa có | R30: Đầu tiên là chọn leader ạ. 2 là tìm hiểu khả năng của từng bạn. 3 nếu may mắn sẽ phân chia được cho mỗi bạn đúng khả năng của bản thân hoặc phân việc mong muốn nhưng nếu không thì 4 cả nhóm sẽ chia việc và vừa học vừa làm trong 3 ngày đầu rồi họp lại để xem khả năng của nhóm có thể hoàn thành kịp deadline hay k và quan trọng là bản thân đã và có thể học được gì thay vì làm cho có để kịp deadline. 5 Nếu 3 ngày khá ổn sẽ làm tiếp và ghi chép lại những gì đã học được cũng như làm được rồi tiếp tục phát triển thêm 6 Nếu không thì vẫn sẽ làm tiếp nhưng tập trung vào việc đã học được gì và xem lại đầu việc nào có thể ưu tiên và dồn lực vào 7 Việc chia task, và quản lý có thể dùng gg workspace hoặc các công cụ quản lý, việc nhắc deadline hay các tình huống như trễ deadline có thể nhẹ nhàng xíu :Đ vì là "task mới" thay vì áp lực rồi "làm cho xong". 8 Cuối cùng là sự đoàn kết ạaaaaaa. | S30: Về các phần mềm cơ bản như git, docker hay các kỹ năng nền tảng a :? | AC30: Trưởng thành hơn, trải nghiệm nhiều hơn, học được thật nhiều và có những kỷ niệm thật vui ạ :3 | AD30: Trainee Program là một chương trình rất ý nghĩa đó ạa
A31: 30 | B31: 46315.69 | C31: 46315.869 | D31: anonymous | F31: Bùi Nguyễn Minh Anh | G31: 26520036 | H31: 39731 | I31: 26520036@gm.uit.edu.vn | J31: KHMT2026.1 | K31: https://www.facebook.com/minh.anh.bui.743991/ | L31: - Khi tự định nghĩa bản thân, em thường dùng các từ ham học hỏi, chủ động và nhiệt huyết để mô tả bản thân: + Em là người ham học hỏi, luôn muốn học hỏi những kĩ năng, kiến thức mới. + Em luôn chủ động tìm kiếm cơ hội để trải nghiệm và phát triển bản thân qua các hoạt động ngoại khóa. + Em nhiệt huyết với những điều mình lựa chọn và luôn cố gắng kiên trì theo đuổi mục tiêu đến cùng, kể cả khi gặp khó khăn hay phải bắt đầu từ những điều mình chưa biết. - Điểm mạnh: ham học hỏi, luôn sẵn sàng thử sức với những trải nghiệm mới, có tư duy logic và tinh thần tự học; đồng thời chủ động, có trách nhiệm khi làm việc nhóm, có kinh nghiệm làm việc nhóm, kinh nghiệm làm leader. - Điểm yếu: em dễ bị quá tải khi nhận nhiều công việc có thời hạn gấp. Trong những trường hợp này em cần chủ động trao đổi với các thành viên để tìm kiếm sự hỗ trợ hoặc đề xuất điều chỉnh thời hạn hoàn thành công việc phù hợp hơn. | M31: - Một kỹ năng em học được là kỹ năng điều phối và hỗ trợ hoạt động nhóm thông qua quá trình tham gia chuỗi worshop của dự án Youth For Impact với vai trò là Ambassador của dự án. Trong các workshop, em có cơ hội hỗ trợ đón tiếp người tham gia, hướng dẫn các bạn trong quá trình diễn ra workshop và đồng hành cùng các nhóm trong phần hoạt động thực hành. Qua trải nghiệm này, em học được cách chủ động hỗ trợ khi các bạn tham gia workshop gặp khó khăn và đảm bảo hoạt động diễn ra suôn sẻ. -Đặc biệt, trong phần làm việc nhóm, em đã áp dụng những kỹ năng đó để giải quyết vấn đề xảy ra trong buổi workshop khi trong lúc chia các bạn tham gia thành các team, team em lại có quá nhiều thành viên (khoảng 20 bạn) dẫn tới quá tải, không thống nhất ý kiến với nhau. Em đã cùng với một chị chia team ra để quản lý và cuối cùng thống nhất ý kiến và hoàn thiện thành phẩm cuối cùng cho buổi workshop. -Trải nghiệm này giúp em nhận ra rằng việc tổ chức một hoạt động hiệu quả không chỉ đòi hỏi sự chuẩn bị mà còn cần khả năng linh hoạt xử lí tình huống, giao tiếp và phối hợp với mọi người. | N31: Thứ 3 - Thứ 5 - Thứ 7 | O31: Hệ thống | P31: - Em đã có cơ hội tiếp xúc và học tập với ngôn ngữ lập trình C++, chủ yếu thông qua quá trình học thuật toán, giải bài tập lập trình và tham gia các cuộc thi lập trình. Trong quá trình học, em thường tiếp cận kiến thức từ những khái niệm cơ bản, sau đó vận dụng vào giải quyết các bài toán với độ khó tăng dần. Khi gặp những bài toán chưa tìm được hướng giải, em thường chủ động phân tích đề, thử nhiều cách tiếp cận và tìm hiểu thêm các kiến thức liên quan để hoàn thiện tư duy giải quyết vấn đề. Quá trình tham gia các cuộc thi và đạt giải Ba Olympic tháng 4 môn Tin học đã giúp em củng cố kiến thức C++, rèn luyện tư duy thuật toán và hình thành thói quen kiên trì tìm kiếm lời giải. - Em được làm quen với Python ở mức cơ bản vào năm lớp 11 thông qua chương trình học trên lớp để giải quyết các bài tập lập trình cơ bản. - Em được học SQL vào năm lớp 10 thông qua chương trình học trên lớp, qua đó làm quen với các kiến thức cơ bản về truy vấn và xử lý dữ liệu. Đây cũng là nền tảng giúp em hiểu hơn về cách tổ chức và khai thác dữ liệu trong lĩnh vực công nghệ thông tin. | Q31: Hiện em là tân sinh viên, em vẫn còn muốn thử sức ở nhiều lĩnh vực. Hiện tại, em đang có hứng thú với lĩnh vực trí tuệ nhân tạo và computer vision, phần vì hiện tại chat bot AI và các ứng dụng của computer vision trong giao thông ngày càng phát triển và em cũng muốn có một số dự án về những lĩnh vực này. Em dự định sẽ tìm hiểu về các cuộc thi về computer vision trước ạ. Ngoài ra, em cũng hy vọng mình có các kỹ năng về phát triển web, front-end và back-end ạ. | R31: - Đầu tiên, em sẽ chủ động kết nối với các thành viên để làm quen, tìm hiểu điểm mạnh, kinh nghiệm và mong muốn của từng người, từ đó tạo sự gắn kết và để phân công công việc phù hợp. - Sau đó cả nhóm sẽ cùng phân tích yêu cầu của task, xác định mục tiêu, kết quả cần đạt được và chia công việc cho từng bạn. Có thể tham khảo những dự án hoặc cách làm tương tự và trao đổi để thống nhất các xử lí task và phân chia công việc. - Về timeline 7 ngày: + Em dự kiến dành ngày đầu tiên để thống nhất mục tiêu, tìm hiểu thế mạnh của mỗi người và phân chia nhiệm vụ sao cho phù hợp với điểm mạnh của mỗi người và giao deadline cho từng nhiệm vụ. + Ngày 2–5 để cùng nhau thực hiện nhiệm vụ, hỏi các anh chị khi có thắc mắc và cập nhật tiến độ cho mọi người cùng nắm được và kịp thời hỗ trợ lẫn nhau khi gặp khó khăn. + Ngày 6 để tổng hợp, kiểm tra lại thành phẩm và điều chỉnh lại để hoàn thiện sản phẩm. + Ngày 7 để nộp và nhận feedback, chỉnh sửa lại. - Em sẽ chú ý phân chia khối lượng công việc hợp lý, giao deadline cụ thể cho từng nhiệm vụ và dự trù thời gian xử lý vấn đề phát sinh của từng nhiệm vụ. Em sẽ ưu tiên việc hoàn thành task đúng hạn, đảm bảo mọi thành viên đều hiểu rõ nhiệm vụ của mình, có cơ hội đóng góp và cùng nhau học hỏi từ một thử thách mới. | S31: Khi đến với ban Hệ thống, em mong muốn được rèn luyện khả năng giải quyết các bài toán logic phức tạp, đồng thời tìm hiểu sâu hơn về quy trình thiết kế, phát triển và duy trì một website. Bên cạnh đó, em muốn học cách phát hiện, xử lý bugs và tối ưu hóa luồng dữ liệu để hệ thống hoạt động hiệu quả, ổn định hơn. Với nền tảng C++ và tư duy thuật toán đã được rèn luyện qua quá trình học tập và tham gia các cuộc thi Tin học, em hy vọng có thể tiếp tục phát huy thế mạnh của mình, đồng thời học hỏi thêm những kiến thức và kỹ năng mới thông qua các dự án thực tế cùng các anh chị và các thành viên trong ban. | AC31: - Em mong muốn Trainee Program 2026 sẽ là cơ hội để em học hỏi thêm nhiều kiến thức và kỹ năng mới, đặc biệt là kỹ năng làm việc nhóm, giao tiếp, quản lý thời gian và giải quyết vấn đề. - Em hy vọng có thể gặp gỡ, kết nối với những người bạn có chung tinh thần nhiệt huyết, cùng nhau học hỏi và phát triển qua những trải nghiệm trong chương trình. - Em mong mình có thể vượt qua những thử thách, hiểu hơn về cách hoạt động của Đoàn khoa và có cơ hội trở thành một phần của Đoàn khoa, đóng góp vào những hoạt động chung trong tương lai. | AD31: dạ hog ạ
A32: 31 | B32: 46315.872 | C32: 46315.887 | D32: anonymous | F32: Phạm Minh Đăng | G32: 26520253 | H32: 39658 | I32: 26520253@gm.uit.edu.vn | J32: MMTT2026.1 | K32: https://www.facebook.com/pham.minh.ang.442809/ | L32: điểm mạnh : có đam mê với máy tính nhược điểm : chưa có nhiều kinh nghiệm | M32: học được cách sửa các lỗi cơ bản khi sử dụng máy tính . Hồi trước em mình dùng máy tính không biết gì bấm tầm bậy bị lỗi tùm lum nên mình áp dụng mấy cái đã học để fix | N32: Thứ 3 - Thứ 5 - Thứ 7 | O32: Hệ thống | P32: python : học cấp 3 c++ : học nhập môn lập trình | Q32: chưa có | R32: tìm hiểu năng lực của nhau rồi cùng làm task và học hỏi lẫn nhau | S32: tìm hiểu sâu về cách vận hành hệ thống và code | AC32: học thêm nhiều kiến thức bổ ích
A33: 32 | B33: 46315.904 | C33: 46315.939 | D33: anonymous | F33: Nguyễn Văn Thiện | G33: 26521910 | H33: 39501 | I33: 26521910@gm.uit.edu.vn | J33: KTPM2026.4 | K33: https://www.facebook.com/sson.tin | L33: Tôi thường dùng những từ vui vẻ, hòa đồng, nghiêm túc để mô tả mình Điểm mạnh: - Chủ động tìm kiếm thông tin - Nghiêm túc trong công việc, học tập - Vui vẻ, hòa đồng với mọi người xung quanh - Sẵn sàng học hỏi, tiếp thu kiến thức mới Điểm yếu: - Dễ xao nhãng - Quản lí thời gian chưa tốt - Chưa có tư duy lập trình tốt | M33: Tôi học được kỹ năng mới sửa lỗi windows thông qua tự học trên Youtube, các diễn đàn trên mạng, học cài Linux. Tôi giúp sửa máy tính cho mọi người và giúp một người thu hồi lại hình ảnh, file mà ổ đĩa HDD bị lỗi (không còn cài được win, chỉ còn lưu trữ được dữ liệu) nên chỉ còn cách cài Linux và lưu dần hình ảnh cần thiết ra từ ổ đĩa bị hư đó | N33: Thứ 3 - Thứ 5 - Thứ 7 | O33: Hệ thống | P33: Tôi đã tiếp xúc với ngôn ngữ lập trình: C++, Python Tôi tiếp cần và học về ngôn ngữ đó qua học trên trường | Q33: Chưa có | R33: Ngày 1: Tìm hiểu kĩ về task mới, lựa chọn nhóm trưởng Ngày 2: Tìm hiểu năng lực của mọi người, phân chia công việc phù hợp với năng lực mỗi người Ngày 3 - 5: Làm nhiều vụ, giúp đỡ nhau khi đã hoàn thành công việc đã giao Ngày 6: Nộp lại, tổng hợp cho nhóm trưởng, thông báo lại cho nhóm nếu có việc còn chưa làm được để mọi người cố gắng giúp Ngày 7: Kiểm tra lại một lượt và nộp bài | S33: Giúp khắc phục lỗi kỹ thuật; học hỏi về thuật toán, cách xử lí các bài toán khó | AC33: Muốn học hỏi những điều mới, các kỹ năng tốt, cải thiện những kỹ năng mà bản thân còn thiếu, phát huy những thế mạnh của bản thân
A34: 33 | B34: 46314.894 | C34: 46316 | D34: anonymous | F34: Nguyễn Thị Như Quỳnh | G34: 25521563 | H34: 39429 | I34: 25521563@gm.uit.edu.vn | J34: KHMT2025.4 | K34: https://www.facebook.com/nguyenthinhucuynh | L34: Chủ động: cố gắng tự tìm hiểu và tìm cách giải quyết vấn đề trước khi nhờ người khác hỗ trợ. Trách nhiệm: cố gắng hoàn thành tốt những việc mình đã nhận, đúng tiến độ để không làm ảnh hưởng đến công việc chung. Điểm mạnh: có trách nhiệm và khá thích nghi khi làm việc trong tập thể. Điểm yếu: đôi khi hơi ngại chủ động bắt chuyện trong môi trường mới. | M34: Một kỹ năng mình học được qua việc tham gia các hoạt động tập thể là cách phối hợp và phân chia công việc trong một nhóm. Trước đây, khi tham gia tổ chức một số hoạt động CLB, mình từng nghĩ chỉ cần mỗi người hoàn thành phần việc của mình là đủ. Sau một vài lần làm việc, mình nhận ra việc trao đổi tiến độ và hỗ trợ nhau cũng quan trọng không kém. Từ đó, khi làm những công việc chung, mình luôn chủ động thống nhất nhiệm vụ, theo dõi tiến độ và trao đổi sớm khi có vấn đề. Kỹ năng này giúp mình phối hợp với mọi người hiệu quả hơn và hạn chế việc công việc bị dồn vào sát deadline. | N34: Thứ 2 - Thứ 4 - Thứ 6 | O34: Hệ thống | P34: Mình đã tiếp xúc với C++, Python, Pascal. Trong đó, C++ là ngôn ngữ có nhiều kinh nghiệm hơn do từng học chuyên Tin và tham gia các cuộc thi lập trình (HSG tỉnh, HSGQG). Mình học Pascal vào năm lớp 7 để ôn đội tuyển HSG thành ra khi đã có nền sẵn từ đội tuyển thì đến năm lớp 10 chuyển sang C++ và Python cũng khá bình thường. | Q34: Trước mắt là máy học và trí tuệ nhân tạo. | R34: Họp nhóm ngày đầu để tìm hiểu yêu cầu, mục tiêu và kết quả cần đạt đồng thời trao đổi để hiểu năng lực và mong muốn của từng thành viên. Trong ngày tiếp theo, các thành viên sẽ tự tìm hiểu task, công nghệ cũng như công cụ cần sử dụng và thống nhất hướng triển khai. Ngày 3: Chia task thành các phần nhỏ, phân công dựa trên năng lực và thống nhất deadline cho từng phần. Ngày 4&5: Tập trung triển khai, cập nhật tiến độ thường xuyên và hỗ trợ nhau khi gặp vấn đề. Ngày 6: Tích hợp các phần, kiểm tra và xử lý lỗi. Ngày 7: Hoàn thiện, kiểm tra lần cuối. | S34: Các kiến thức, kĩ năng, kinh nghiệm trong quá trình học tập, hoạt động từ các anh chị, các bạn. | AC34: Mình mong muốn được học thêm những kiến thức và kỹ năng thực tế, đồng thời có cơ hội làm quen thêm các bạn cùng khoa, cũng như rèn luyện khả năng làm việc nhóm và khả năng giải quyết vấn đề trong công việc.
A35: 34 | B35: 46315.947 | C35: 46316.003 | D35: anonymous | F35: Châu Phước Nhã | G35: 25521262 | H35: 39397 | I35: 25521262@gm.uit.edu.vn | J35: KHMT2025.3 | K35: facebook.com/chau.nha.7359 | L35: Điểm tốt: Vui tính, dễ gần Điểm yếu: Cẩu thả | M35: Em học được kỹ năng làm powerpoint từ người bạn của em ở những năm cấp 2 và em đã có thể làm powerpoint tốt | N35: Thứ 3 - Thứ 5 - Thứ 7 | O35: Truyền thông - Sự kiện | T35: Graphic design;Video | U35: Em chưa làm thiết kế bao giờ. | V35: Em không quan tâm lắm về photography | X35: Em tham khảo các nội dung khác và cố gắng biến nội dung đó thành của mình để không bị coi là sao chép | Y35: Em sẽ nhận góp ý từ bạn xem là có những vấn đề nào chưa ổn, em sẽ xem lại những vấn đề bạn nói có thật sự đúng đắn không, nếu không em sẽ đưa ra góc nhìn của em và em với bạn cùng phản biện để đưa ra ý tưởng tối ưu. | Z35: Em nghĩ là làm ở vị trí khác vì em có thể cố gắng giúp leader hoàn thành tốt công việc nhỏ =)) | AA35: Em cố gắng lắng nghe và trân trọng ý tưởng của từng thành viên, đảm bảo phân chia công việc rõ ràng và hoàn thành ok nhiệm vụ của mình. | AB35: Dạ em không biết, em sẽ hỏi leader và các bạn đầu tiên | AC35: Em mong muốn học thêm được một chút kỹ năng. | AD35: Dạ nếu em bận lịch, không tham gia được thì btc thông cảm cho em ạ
A36: 35 | B36: 46316.371 | C36: 46316.42 | D36: anonymous | F36: Trần Thanh Huệ | G36: 25520617 | H36: 39239 | I36: 25520617@gm.uit.edu.vn | J36: KHMT2025.2 | K36: https://www.facebook.com/share/19hBgp4bC8/?mibextid=wwXIfr | L36: -Khi tự định nghĩa bản thân, mình thường dùng những từ như hướng ngoại, có thể tham gia nhiều hoạt động đoàn thể, giao tiếp tốt -Điểm mạnh: năng động, khả năng học tập và thực hiện tốt, quản lý tốt thời gian -Điểm yếu: khó thích nghi với những sự thay đổi đột ngột trong quá trình làm việc hay học tập | M36: Từ năm lớp 8, em vô tình tiếp xúc với việc edit ảnh (lúc đó chỉ mới là chèn chữ vô ảnh như làm bìa truyện), sau đó em đã thực hiện việc này trong một thời gian dài (cụ thể là 3 năm). Từ đó em có được kỹ năng thiết kế ảnh cơ bản để làm các tác vụ như thiết kế menu, poster, bìa tập san cho lớp cấp 3. | N36: Thứ 3 - Thứ 5 - Thứ 7 | O36: Truyền thông - Sự kiện | T36: Graphic design;Photography | U36: Có khả năng sử dụng thành thạo ibisPaint X, đang có ý định tự học PTS (vì có khả năng laptop mình không thể sử dụng công cụ này) Một số tác phẩm của mình (đa phần hình ảnh không có bản quyền ở dưới) | V36: Hăm có | W36: https://drive.google.com/drive/folders/1dPKio6kzeBunf-PnJfd5WoWkOnNLmX8T | X36: Mình chọn đi ra ngoài đường chạm cỏ và quan sát sự vật sự việc xung quanh, hoặc nghe nhạc | Y36: Mình sẽ lắng nghe ý kiến của bạn đó và nhờ bạn đó chỉ ra nhược điểm cái mà bạn đó cảm thấy “không hiệu quả”. Nếu nó xung đột với ý kiến của mình thì mình sẽ giải thích rõ quan điểm và đưa ra hướng giải quyết chung như thử nghiệm trước để bạn và mình cùng hiểu hơn, nếu mình thật sự thiếu sót thì mình sẽ chấp nhận ý kiến của bạn và đưa ra giải pháp khác | Z36: Không | AA36: Không | AB36: Không | AC36: Mình mong đợi được học nhiều điều mới hơn, cải thiện kỹ năng mình đang có và được tham gia nhiều sự kiện quen biết với nhiều người hơn | AD36: Mong được vào lắm ạ. Mình có câu hỏi là nếu mình chỉ đăng ký ở mảng graphic design nhưng mà khi vào mình lại nuôi hứng thú với cả bên sự kiện thì mình có được tham gia không ạ?
A37: 36 | B37: 46316.411 | C37: 46316.436 | D37: anonymous | F37: Nguyễn Văn Nhân | G37: 25521294 | H37: 39201 | I37: 25521294@gm.uit.edu.vn | J37: KHMT2025.3 | K37: https://www.facebook.com/vannhan.nguyen.3939503 | L37: - Khi nói về bản thân, có 3 từ có thể mô tả em: logic - trách nhiệm - hoà đồng. - Điểm mạnh của em là logic tốt, có thể có nhiều sáng kiến khi cùng đồng đội giải quyết các vấn đề. Ngoài ra, khi được giao một nhiệm vụ gì đó, em đều cố gắng làm tròn trách nhiệm được giao. Khi tham gia vào môi trường mới, em luôn chủ động tìm hiểu, làm quen với các bạn mới để thích nghi với môi trường nhanh hơn. - Điểm yếu là em chưa làm chủ được thời gian. Nhiều lúc còn quản lý thời gian chưa tốt khiến công việc có hiệu suất chưa được mong đợi. | M37: Kỹ năng điềm tĩnh, suy luận giải quyết vấn đề mà không bị nóng vội. Em học được thông qua việc debug code, vốn khởi điểm không phải là sinh viên có nền tảng CP ở thời cấp 3, vì thế, việc tiếp xúc với ngôn ngữ lập trình C++ ở môn IT001 là những điều mới mẻ. Ở đó việc dành khoảng thời gian khổng lồ để suy nghĩ về giải thuật khiến việc tập trung vào debug lỗi sau đó trở nên chán nản đôi khi là ức chế bực bội. Tuy nhiên, sau quá trình học tập, cùng với sự nâng cao kĩ năng tư duy lập trình, thì việc debug cũng đã có nhiều thay đổi sang nhiều hướng tích cực hơn, biểu hiện thông qua việc chia nhỏ source code test tính đúng sai từng hàm và thử lại các giá trị đặc biệt có khả năng gây lỗi. Dần dần, sự điềm tĩnh chia nhỏ và phân tích vấn đề được rèn luyện và tích luỹ như thế | N37: Thứ 3 - Thứ 5 - Thứ 7 | O37: Hệ thống | P37: - Pascal: Ngôn ngữ lập trình đầu tiên ở cấp 2 nên hầu như em chỉ học trên theo chương trình đào tạo. - C++: C++ được coi là ngôn ngữ lập trình thành thục đầu tiên, có thể nắm rõ các CTDL và giải thuật trong CP và từng tham gia cuộc thi ICPC miền Bắc 2026, ICPC miền Trung 2025 -Python: Hiện đang học và cải thiện kĩ năng, có thể dùng python pandas xử lí dữ liệu. Tha gia Hackathon Rmit 2026. | Q37: Trí tuệ nhân tạo, về phần kiến thức nền tảng em nắm được các môn nền tảng của AI là toán rời rạc, xác suất thống kê, đại số tuyến tính. Đồng thời đang học môn toán cho Khoa học máy tính. | R37: Ngày 1: Làm quen thành viên, phân chia công việc trên năng lực từng người Ngày 2-5: Mỗi người sẽ làm việc bản thân mình được giao, theo lộ trình sau: Hiểu và tư duy đề - Tìm nguồn tài liệu- Nghiên cứu- Ghi báo cáo- Kiểm nghiệm Ngày 6: Mỗi người nộp bài lên và bảo vệ quan điểm trước sự phản biện của nhóm. Ngày 7: Kiểm tra lần cuối và nộp bài | S37: Khả năng tư duy logic xử lí bài toán bằng các thuật toán hay và tối ưu, khả năng teamwork giữa các developers | AC37: Em mong muốn có thêm kĩ năng mới, nâng cấp về tư duy và có thêm những mối quan hệ mới. | AD37: Không có
A38: 37 | B38: 46316.433 | C38: 46316.84 | D38: anonymous | F38: Trần Hoàng Công Đức | G38: 26520348 | H38: 39747 | I38: 26520348@gm.uit.edu.vn | J38: KHMT2026.1 | K38: https://facebook.com/cpducTh.fs | L38: Khi tự định nghĩa bản thân, em thường dùng những từ: "thực tế". Điểm Mạnh của em là khả năm ham học hỏi. Còn điểm yếu là em hơn rụt rè | M38: Một lần học kỹ năng mới là học cách dùng AI để học tập đúng cách. Hiện tại em hay dùng AI trong học tập. | N38: Thứ 2 - Thứ 4 - Thứ 6 | O38: Hệ thống | P38: Em đã từng tiếp xúc với C++, Python, Dart nhưng chưa thành thạo. Em đã tiếp cận và học về ngôn ngữ đó qua việc học tập ạ | Q38: định hướng học tập trong tương lai của em là tương tác người-máy HCI. Theo em được biết HCI lĩnh vực nghiên cứu và thiết kế giao diện , cách thức con người tương tác với máy tính và các hệ thống công nghệ, nhằm tối ưu hóa sự thân thiện, hiệu quả và trải nghiệm của người dùng. | R38: Đầu tiên em tiến hành khảo sát phương pháp và các quy trình dự kiến cần thiết để hoàn thành task. Sau đó sẽ sẽ khảo sát, tìm hiểu năng lực của từng thành viên trong nhóm. Sau khi biết được những thông tin đó em tiến hành lập các task con, phân công, thiết kế timeline và kiểm soát tiến độ trong suốt quán trình làm việc | S38: Em muôn tìm hiểu cách thiết kế phần mềm, thuật toán ạ | AC38: Em mong đợt mình sẽ học được thêm nhiều thứ, làm quen được nhiều bạn ạ
A39: 38 | B39: 46317.687 | C39: 46317.702 | D39: anonymous | F39: Võ Nguyễn Nguyên Vũ | G39: 26522288 | H39: 39686 | I39: 26522288@gm.uit.edu.vn | J39: KHMT2026 | K39: https://www.facebook.com/vu.vo.66863/ | L39: - Điểm mạnh: chịu khó lắng nghe, học hỏi để thích nghi khi làm việc nhóm. - Điểm yếu: thiếu kĩ năng lãnh đạo, đôi khi hơi thiếu chủ động. | M39: Mình đã từng học phương pháp đọc lướt từ một người bạn cùng bàn năm cấp 3 và nhờ nó mình đã đạt aim VACT phần Tiếng Việt và Tiếng Anh. | N39: Thứ 2 - Thứ 4 - Thứ 6 | O39: Hệ thống | P39: C++, Python, Java - C++: Thông qua quá trình học tập ở trường cấp 3. - Python, Java: Thông qua quá trình tham gia những cuộc thi học thuật cấp tỉnh (Sáng tạo Thanh thiếu niên Nhi đồng, Tin học trẻ, Khoa học Kĩ Thuật) | Q39: Chưa có, nhưng hiện tại đang hứng thứ về AI và ứng dụng. | R39: - Chủ động tạo đề nghị 1 cuộc gặp mặt để giao tiếp trực tiếp, nắm rõ năng lực, điểm mạnh, thời gian sinh hoạt, thông tin liên lạc và bầu nhóm trưởng để bắt đầu làm rõ yêu cầu nhiệm vụ. - Thống nhất phương pháp nghiên cứu, chia nhỏ task thành các phần việc độc lập và phân công công việc cụ thể dựa trên thế mạnh của từng thành viên. - Tiến hành độc lập, duy trì cập nhật để đảm bảo nhiệm vụ đúng hướng và timeline. - Trưởng nhóm tổng hợp lại và cùng các thành viên đánh giá nhận xét. - Tối ưu lại lần cuối cùng và chuẩn bị slide kèm người thuyết trình cho bài báo cáo. - Kiểm thử lần cuối, dự phòng thời gian nộp trước deadline chính thức từ 3-5 tiếng để tránh sự cố kỹ thuật. | S39: Hiện tại mình chưa hiểu quá chi tiết về công việc tại ban Hệ thống. Tuy nhiên, mình là một người học hỏi ở mức khá và mong muốn được trau dồi các kỹ năng tổ chức công việc, quản lý vận hành cũng như tất cả các kỹ năng cần thiết khác mà ban có thể truyền đạt. | AC39: Là một tân sinh viên, mình mong Trainee Program 2026 sẽ giúp mình tiếp cận môi trường làm việc năng động và học hỏi các kỹ năng thực tế từ các anh chị đi trước, đặc biệt là tư duy tổ chức và vận hành. Bên cạnh việc trau dồi kiến thức chuyên môn, mình hi vọng có thể mở rộng mối quan hệ, kết nối với những người bạn mới tại UIT và tìm thấy mảng công việc phù hợp nhất để cống hiến lâu dài cùng Đoàn khoa. | AD39: Mình xin cảm ơn BTC vì đã tâm huyết chuẩn bị một chương trình như Trainee Program 2026. Rất hy vọng BTC sẽ trao cho mình cơ hội được học hỏi, rèn luyện và chứng minh năng lực để sớm trở thành một mảnh ghép chính thức đồng hành cùng Đoàn khoa KHMT.
A40: 39 | B40: 46318.529 | C40: 46318.549 | D40: anonymous | F40: Nguyễn Tuấn Hưng | G40: 26520646 | H40: 39809 | I40: 26520646@gm.uit.edu.vn | J40: KHMT2026.1 | K40: https://www.facebook.com/share/19mcajv7aS/ | L40: Khi nói về bản thân, em nghĩ đến: tò mò, suy nghĩ, thử nghiệm, nhạy cảm. Điểm mạnh của bản thân: em là người dễ đồng cảm với người khác, biết đặt câu hỏi vì sao và có tinh thần tự học cao. Điểm yếu của em: khả năng truyền đạt ý tưởng chưa tốt, có thể gặp khó khăn khi làm việc nhóm, chưa chủ động nêu ý kiến trong các việc làm chung. | M40: Em đã từng học được cách thực hiện các bước trong quy trình tạo project IoT, em học được qua quá trình làm việc trong CLB Tin Học ở trường cấp 3. Sau đó em đã sử dụng các kiến thức đã được tích lũy để tham gia hội thi STEM cấp trường và giúp lớp đoạt giải nhất. | N40: Thứ 2 - Thứ 4 - Thứ 6 | O40: Hệ thống | P40: Em đã tiếp xúc với Python và C++, em học thông qua làm bài tập giải bài toán lập trình và 1 số dự án cá nhân, em cũng tham gia các giải Olympic tháng 4 của thành phố, hội thi Tin học trẻ và giải học sinh giỏi môn Tin học. | Q40: Chưa có | R40: Em sẽ dành 2 ngày để làm quen và hỏi thăm khả năng của các bạn để kết hợp với năng lực bản thân nhằm chia công việc cho phù hợp, đồng thời tìm hiểu tính chất của task đó để phân công hợp lí. Sau đó tiến hành chia task nhỏ cho từng bạn + deadlines. Trong 3 ngày tiếp theo em sẽ thực hiện phần việc của mình đồng thời theo dõi tiến độ của cả nhóm. Vào ngày thứ 6 em sẽ tổ chức họp để giải quyết các vấn đề còn tồn đọng, giúp đỡ các phần việc chưa làm xong Ngày thứ 7 sẽ là tổng dợt/ chạy chương trình để đảm bảo chất lượng sản phẩm của team. | S40: Em muốn tìm hiểu thêm về quy trình thực hiện 1 dự án. | AC40: Em mong muốn được tích lũy thêm kiến thức teamwork và hợp tác, đồng thời có thêm kiến thức về cách 1 dự án hoạt động. | AD40: Em rất ấn tượng với hình tượng Cá Doi của chương trình training năm nay, em rất muốn thử bước ra khỏi vùng an toàn của bản thân để thử những điều mới và tích lũy thêm kiến thức và kĩ năng của bản thân nhằm mở thêm nhiều cơ hội cho mình
A41: 40 | B41: 46318.476 | C41: 46318.618 | D41: anonymous | F41: Lê Gia Huy | G41: 26520699 | H41: 39671 | I41: 26520699@gm.uit.edu.vn | J41: KHTA2026 | K41: https://www.facebook.com/profile.php?id=61591042612333 | L41: Khi tự định nghĩa bản thân mình, mình nghĩ là "Chí cầu tiến" . Strength : Tinh thần ham học hỏi. Weakness: Nhút nhát, rụt rè , chưa dám tự mình đưa ra quyết định. | M41: Điều này làm mình nhớ đến lần mình tự học IELTS năm lớp 10 . Ban đầu mình cũng khá chật vật, vò đầu bức tai , thức trắng đêm hay gần như từ bỏ vì mình chả hiểu gì về nó cũng như không biết định hướng như thế nào. Việc lần đầu mình tự học giống như vứt mình giữa đại dương bao la và để mình tự bơi , tự sinh tồn để tìm đất liền vậy. Ye, nhưng những lúc mà mình gần như tuyệt vọng ấy, mình lại luôn tự an ủi bản thân rằng mình còn rất nhiều thứ phải gánh vác khi trưởng thành và IELTS chỉ là một kĩ năng hỗ trợ giúp mình thực hiện ước mơ cũng như có thể giao tiếp với các bạn quốc tế khác và điều đó chính là thứ thúc đẩy mình tiến lên và vực dậy bản thân sau những ngày chơi vơi. Then, mình cũng rất may mắn khi được gặp các thầy cô , mentor khá thân thiện hỗ trợ trong việc học của mình và thực sự đã giúp mình tiến bộ rất nhiều. Chính vì vậy mà khả năng giao tiếp của mình cũng đã cải thiện được kha khá phần nào. Từ một cậu bé vô cùng nhút nhát , rụt rè khi phải giao tiếp với cả người bản địa và cả người nước ngoài, mình cũng đã có phần nào cởi mở hơn “đôi chút”. Mình nhớ có một lần thầy người nước ngoài dạy mình không biết cách bật TV để slideshow thì mình đã chủ động cất lời để hỗ trợ thay vì chỉ ngồi im lặng trong góc lớp và đợi mọi người hỗ trợ như xưa ( dù mình vẫn làm được nhưng sợ tiếng Anh của mình chưa đủ giỏi để có thể giao tiếp và sợ mọi người cười chê). | N41: Thứ 2 - Thứ 4 - Thứ 6 | O41: Hệ thống | P41: Mình chỉ vừa tiếp xúc C++ thông qua làm bài tập trên lớp, luyện các syntax trong các bài tập ở các web ( Marisaoj , Learncpp , Tech28 , ... ) cũng như thay vì chỉ viết code để satisfy các testcases thì mình còn tìm thêm các hướng giải làm sao để runtime với memory được tối ưu nhất :). | Q41: Lĩnh vực định hướng: Xử lý ngôn ngữ tự nhiên (NLP) – AI Engineering Hiểu biết của mình: NLP là một nhánh nhỏ trong AI, focus vào việc giúp máy tính hiểu , mô phỏng lại ngôn ngữ của con người: Input ( Data – Human language ) => Censoring ( Data – Human Language converts to Computer Language ) => Solving problems => Computer Language converts to the human one => Output ( Data – Human Language ) Một số ứng dụng thực tế: Chatbot ( Chatgpt, Claude, Gehihi, … ) , Virtual AI Assistant ( Siri, Gg Assistant, …) | R41: 1. Xin cách thức liên hệ của từng người 2. Tìm hiểu năng lực, khả năng làm việc của từng người 3. Tìm hiểu sơ bộ vấn đề mình đang cần giải quyết là gì ( cần giải quyết những khía cạnh nào hay có những vấn đề gốc rễ nào quan trọng cần giải quyết trước, etc) 4. Phân công công việc 5. Trình bày những yêu cầu cần đạt của mỗi thành viên 6. Thảo luận đề ra hướng giải quyết , các phương pháp tối ưu, hiệu quả. 7. Vạch ra một timeline rõ ràng cho từng nhiệm vụ 8. Kiểm duyệt, sửa lỗi những nghiên cứu, công việc của các thành viên để có thể hoàn thành task một cách hoàn hảo nhất ( việc sửa lỗi chỉ được thực hiện sau khi đã trao đổi với các thành viên) | S41: Khi ở ban hệ thống, mình muốn tìm hiểu sâu hơn về kiến thức nền tảng của hệ thống máy tính, cách tối ưu các thuật toán và quản lí bộ nhớ – những điều rất quan trọng trong C++ . Hơn nữa, mình mong muốn được tiếp xúc học hỏi kinh nghiệm cũng như va chạm với các bài toán, vấn đề thực tế cũng như các nền tảng khác mà trường không dạy để phần nào giúp mình theo đuổi con đường sự nghiệp. | AC41: Khi tham gia Trainee Program 2026, điều mình mong đợi lớn nhất là được học hỏi kiến thức thực tế từ các anh chị hay mentors đi trước . Là sinh viên năm nhất, mình hy vọng chương trình sẽ giúp mình thu hẹp khoảng cách giữa lý thuyết trên trường và thực tế công việc, từ đó giúp mình xây dựng lộ trình học tập vững chắc cho định hướng NLP - AI Engineering.
A42: 41 | B42: 46318.888 | C42: 46318.925 | D42: anonymous | F42: Đỗ Ngọc Khánh Linh | G42: 26521092 | H42: 39562 | I42: 26521092@gm.uit.edu.vn | J42: KHMT2026.2 | K42: https://www.facebook.com/share/1CKnB2dQSa/ | L42: -Tò mò, cứng đầu. -Điểm mạnh: +Cởi mở với ý kiến khác: Sẵn sàng thay đổi quan điểm khi người khác đưa ra lý lẽ và bằng chứng thuyết phục. +Tư duy phân tích: Quan tâm đến tính hợp lý và khả năng giải quyết vấn đề thực tế của một phương án. +Tò mò, ham tìm hiểu: Thích tìm hiểu lý do đằng sau một vấn đề thay vì chỉ chấp nhận câu trả lời có sẵn. -Điểm yếu: +Suy nghĩ nhiều, hành động chậm: Đôi khi phân tích quá lâu trước khi bắt tay vào thực hiện. +Quá chú trọng tính hợp lý: Đôi khi dành quá nhiều thời gian tranh luận về những vấn đề không quá quan trọng. +Khó thể hiện bản thân: Có nhiều suy nghĩ và ý tưởng nhưng gặp khó khăn khi diễn đạt trước người khác, đặc biệt trong những tình huống gây căng thẳng. | M42: Nếu phải kể về một kỹ năng mà em học được và vẫn còn nhớ đến bây giờ, em sẽ chọn kỹ năng tranh biện. Em bắt đầu học tranh biện trong lớp tiếng Anh. Đây là một phần trong chương trình học của cô giáo. Mỗi tuần, cô sẽ đưa ra một chủ đề, chia lớp thành hai đội với hai quan điểm đối lập và cho cả tuần để chuẩn bị. Ban đầu, em nghĩ chỉ cần tìm vài lý lẽ để bảo vệ ý kiến của mình là đủ. Nhưng sau vài buổi, em nhận ra tranh biện không đơn giản như vậy. Điều em thấy khó nhất là tìm dẫn chứng. Nếu chỉ đưa ra những ví dụ quá quen thuộc hoặc mang tính cảm tính thì lập luận sẽ không đủ sức thuyết phục. Vì vậy, em phải dành khá nhiều thời gian tìm kiếm thông tin, chọn những nguồn đáng tin cậy và suy nghĩ xem nên sắp xếp các luận điểm theo thứ tự nào để chúng có thể hỗ trợ lẫn nhau. Bên cạnh đó, em cũng phải lắng nghe rất kỹ phần trình bày của đội đối phương để xác định đâu là điểm còn thiếu hoặc chưa hợp lý trước khi phản biện. Những kỹ năng đó đã giúp em rất nhiều khi làm việc nhóm. Mỗi khi có ý kiến khác nhau, em không vội bảo vệ quan điểm của mình mà thường hỏi thêm để hiểu vì sao mọi người lại nghĩ như vậy. Nếu em thấy phương án của người khác hợp lý hơn, em sẵn sàng thay đổi ý kiến. Ngược lại, nếu em nhận thấy vẫn còn những trường hợp chưa được tính đến, em sẽ đặt câu hỏi để cả nhóm cùng xem xét thay vì bác bỏ ngay. Đến bây giờ, em vẫn chưa thực sự tự tin khi phải trình bày trước nhiều người. Em vẫn dễ bị run, nói nhanh hoặc hụt hơi. Tuy nhiên, những buổi tranh biện đã giúp em hiểu rằng một lập luận thuyết phục không chỉ đến từ việc nói hay, mà còn đến từ cách mình suy nghĩ, chuẩn bị và sử dụng bằng chứng. Đó là kỹ năng mà em tin mình sẽ còn tiếp tục áp dụng trong học tập và công việc sau này. | N42: Thứ 3 - Thứ 5 - Thứ 7 | O42: Hệ thống | P42: Mới chỉ tiếp xúc với C++ và HTML thông qua một số bài tập. | Q42: Định hướng lâu dài của em là Tin sinh học, lĩnh vực vừa kết hợp giữa sinh học, khoa học máy tính và phân tích dữ liệu để nghiên cứu, xử lý các dữ liệu sinh học như DNA, RNA và protein. Và em đang theo học Khoa học Máy tính để bổ trợ, xây dựng nền tảng về lập trình, thuật toán và xử lý dữ liệu, phục vụ cho định hướng này trong tương lai. Bên cạnh đó, em cũng quan tâm đến Trí tuệ nhân tạo (AI) và phát triển web. Em hiểu rằng AI có thể được ứng dụng để phân tích dữ liệu, nhận diện mẫu và hỗ trợ giải quyết các bài toán phức tạp, trong khi phát triển web giúp xây dựng các ứng dụng và giao diện để người dùng tương tác với dữ liệu, hệ thống. Hiện tại, em vẫn đang trong quá trình tích lũy kiến thức và thực hành để hiểu sâu hơn về các lĩnh vực này. | R42: Nếu được xếp vào một nhóm nhỏ gồm những người chưa quen biết và phải hoàn thành một task mới trong vòng 7 ngày, em sẽ lập timeline sơ bộ ngay từ đầu, chia công việc thành các giai đoạn: tìm hiểu yêu cầu, nghiên cứu, thực hiện, kiểm tra và hoàn thiện. Sau khi xác định các phần việc cần làm, em sẽ hỏi nguyện vọng của từng thành viên và tìm hiểu năng lực của họ để thống nhất cách phân công phù hợp. Nếu có sự khác biệt giữa nguyện vọng và năng lực, em nghĩ nhóm nên trao đổi trước để hiểu yêu cầu của công việc, sau đó tìm phương án vừa phù hợp với từng người vừa đảm bảo tiến độ chung. Vì đây là một task mới, em sẽ bắt đầu bằng cách tra cứu thông tin trên AI và Google để nắm được tổng quan, sau đó thu hẹp phạm vi tìm kiếm, đối chiếu thông tin giữa nhiều trang và ưu tiên các nguồn uy tín như tài liệu chuyên môn hoặc các trang báo đáng tin cậy. Em cũng sẽ chia task thành những phần nhỏ, tham khảo các dự án tương tự và thử thực hiện nhanh từng phần để kiểm tra xem hướng tiếp cận có phù hợp không. Trong quá trình làm, em sẽ tạo một bảng công việc chung để mọi người theo dõi nhiệm vụ, người phụ trách, thời hạn và trạng thái hoàn thành. Nếu có phần việc bị chậm, em sẽ xem phần nào đang ảnh hưởng đến tiến độ chung và điều chỉnh lại công việc nếu cần. Khi gần đến hạn, em sẽ ưu tiên những phần quan trọng nhất, phân bổ lại người để xử lý phần còn thiếu và dành thời gian kiểm tra kết quả trước khi hoàn thành task. | S42: Đến với ban Hệ thống, em tìm kiếm cơ hội được thực hành, huấn luyện và học hỏi thêm về kỹ năng xử lý vấn đề, xử lý thuật toán, củng cố cho tương lai. | AC42: Được học hỏi thêm, trau dồi và luyện tập kỹ năng lập trình, có những trải nghiệm mới.
A43: 42 | B43: 46318.996 | C43: 46319.021 | D43: anonymous | F43: Nguyễn Ngọc Anh Tuấn | G43: 25522016 | H43: 39106 | I43: 25522016@gm.uit.edu.vn | J43: KHMT2025.4 | K43: https://www.facebook.com/anh.tuan.920995/ | L43: -điềm đạm -hiền lành -hòa đồng | M43: -khi còn nhỏ mình đã thấy chị mình học rất nhiều nhưng ít khi tỏ ra vẻ mệt mỏi hay lề mề hay stress. Mình hỏi chị thì chị chỉ cách quản lí thời gian và cách học hiệu quả. Đến giờ mình vẫn áp dụng những cách đó. Tuy có thay đổi tí nhưng mà mình vẫn dựa vào đó mà lên kế hoạch tập cũng như làm việc cho mình. | N43: Thứ 3 - Thứ 5 - Thứ 7 | O43: Hệ thống | P43: Hiện tại, mình chỉ biết C++ và một ít python và mình chưa tham gia nhiều các cuộc thi học thuật. Hiện tại thì mình đang cố trau dồi thêm những kiến thức về lập trình nên mình muốn tham gia vào Trainee Program để phát triển bản thân hơn nữa | Q43: AI engineering, software engineering | R43: Đầu tiên mình sẽ làm quen hết các bạn và tìm hiểu thế mạnh, yếu của mổi bạn và từ đó sẽ phân chia công việc phù hợp cho mỗi người. Nếu có 1 số công việc mà người nào đó không thể thực hiện được thì các bạn trong nhóm có thể hổ trợ | S43: Các kiến thức về AI, ML, DL | AC43: Có thể xây dựng được nhiều mối quan hệ tốt và trau dồi thêm nhiều kiến thức mới về học thuật cũng như các kỹ năng sống | AD43: Hiện tại, mình đang là năm 2 nên không biết việc đăng kí này có được không nữa. Mình cũng thấy hơi ngại tí. Mong là mình tham gia được.
A44: 43 | B44: 46319.451 | C44: 46319.572 | D44: anonymous | F44: Đặng Lê Minh Khôi | G44: 26560086 | H44: 39328 | I44: 26560086@gm.uit.edu.vn | J44: KHBC2026 | K44: https://www.facebook.com/dangleminhkhoi/ | L44: Để tự định nghĩa bản thân, em sẽ dùng các từ: Cầu tiến, chủ động và trách nhiệm. Điểm mạnh: - Có khả năng tự học và tiếp thu nhanh - Hòa đồng, cởi mở và yêu thích tham gia các hoạt động CLB và các hoạt động tập thể - Luôn cố gắng hoàn thành và có tinh thần trách nhiệm trong công việc Điểm yếu: - Quản lí thời gian công việc đôi khi chưa tốt - Hơi thiếu tự tin và ngại trong khoảng thời gian đầu tiếp xúc với môi trường mới | M44: Trước đây em có từng tự học lập trình web cơ bản hồi cấp 3. Chủ yếu là tập trung vào giao diện và thiết kế và các tính năng cở bản. Em tự học thông qua các khóa học miễn phí trên mạng vì em vô tình lướt thấy trên mạng xã hội và khá hứng thú. Tuy là lúc đó chưa quá giỏi nhưng đó là thứ đưa em đến với CLB kĩ thuật máy tính tại trường cấp 3. Thời gian đó em được giao lưu, tham gia các hoạt động và mở rộng kiến thức của em về lĩnh vực này. Đối với em đó là chìa khóa giúp em tiếp thu các kiến thức mới, cải thiện kĩ năng xã hội và rèn luyện tư duy giải quyết vấn đề trong công việc và cuộc sống. | N44: Thứ 2 - Thứ 4 - Thứ 6 | O44: Hệ thống | P44: HTML, CSS, Javascript (Ba ngôn ngữ này em tự học trên các khóa học miễn phí và trên các video mạng xã hội) | Q44: Chưa có | R44: Đầu tiên em cùng các thành viên khác thống nhất kế hoạch thực hiện nhiệm vụ (các công việc cần làm, yêu cầu trong công việc, kết quả cuối cùng,...). Bởi vì là lần đầu gặp nhau, em sẽ cùng các bạn thảo luận để tìm ra điểm mạnh, điểm yếu, kinh nghiệm và thời gian mà các bạn có thể chi ra để dành cho công việc này. Qua đó, em có thể phân công nhiệm vụ phù hợp cho từng thành viên và lên các mốc công việc cụ thể để hoàn thành. Đây sẽ là kế hoạch dự định mà em sẽ lập ra: - Ngày 1: Tìm hiểu năng lực từng thành viên, thông nhất kế hoạch thực hiện nhiệm vụ và phân công nhiệm vụ các thành viên trong nhóm - Ngày 2: Nghiên cứu những kiến thức, phương pháp, tài liệu dựa trên công việc đã được giao trước đó. Sau đó tổng hợp, trao đổi và sửa đổi để chốt công việc, hướng đi và lịch trình cuối cùng. -Ngày 3-5: Chia công việc thành các mốc nhỏ và có deadline riêng. Đầu và cuối ngày sẽ họp ngắn để trao đổi về tiến độ, cũng như hỗ trợ nhau ghi gặp vấn đề. - Ngày 6: Hoàn thiện các bước cuối cùng của sản phẩm. Kiểm tra, sửa lỗi và đóng góp ý kiến cái thiện. - Ngày 7: Kiểm tra sản phẩm lần cuối theo yêu cầu và nộp đúng hạn. Trong quá trình thực hiện em sẽ đề cao sự linh hoạt và chủ động trong các cuộc hợp và trong quá tình làm việc. Điều này giúp cho quá trình giảm thiểu rủi ro khi phát sinh vấn đề và tạo sự liên kết giữa các thành viên trong quá trình xử lí vấn đề. Bên cạnh đó, thời gian cũng phải được sắp xếp hiệu quả và chừa khoảng dự phòng cho các trường hợp bất ngờ và nộp sát giờ. | S44: Vì là sinh viên năm nhất nên em mong muốn được tìm hiểu kiến thức về chuyên ngành và định hướng cho công việc. Hơn nữa, em muốn học hỏi từ các bạn, anh/chị và thầy cô về các cuộc thi liên quan đến lập trình, NCKH, các dự án để có cơ hội va chạm và phát triển bản thân | AC44: Khi tham gia CLB, em hi vọng có thể được học hỏi thêm từ các thành viên khác. Không chỉ kiến thức mà còn các hoạt động tập thể của CLB để có thêm trải nghiệm và kiến thức. | AD44: Vì là sinh viên năm nhất cũng như chưa tiếp xúc nhiều về lập trình, không biết em có thể trao đổi học tập trước khi tham gia các dự án trong clb được không ạ? Vì em có nghe một thầy là chủ CLB từng đề cập về vấn đề này. Em xin cảm ơn

Sheet ĐÁNH GIÁ
A1: ID | B1: =_xlfn.XLOOKUP(A1, RESPONSES!A:A, RESPONSES!F:F) -> Họ và tên: | C1: =_xlfn.XLOOKUP(A1, RESPONSES!A:A, RESPONSES!G:G) -> MSSV: | D1: =_xlfn.XLOOKUP(A1, RESPONSES!A:A, RESPONSES!I:I) -> Email: | E1: =_xlfn.XLOOKUP(A1, RESPONSES!A:A, RESPONSES!J:J) -> Lớp sinh hoạt: | F1: =_xlfn.XLOOKUP(A1, RESPONSES!A:A, RESPONSES!L:L) -> Khi tự định nghĩa bản thân, bạn thường dùng những từ nào để mô tả mình? Hãy cho chúng mình biết điểm mạnh, điểm yếu của bạn là gì? | G1: =_xlfn.XLOOKUP(A1, RESPONSES!A:A, RESPONSES!M:M) -> Kể về một lần bạn học được một kỹ năng mới (có thể thông qua nhiều hình thức, như tự học, học từ người khác, học từ một trải nghiệm...) và cách bạn đã áp dụng nó vào một tình huống cụ thể trong quá k | H1: =_xlfn.XLOOKUP(A1, RESPONSES!A:A, RESPONSES!N:N) -> Bạn mong muốn lịch học được sắp xếp vào những buổi tối nào? | I1: =_xlfn.XLOOKUP(A1, RESPONSES!A:A, RESPONSES!O:O) -> Nếu vào Trainee Program 2026 bạn mong muốn được hoạt động ở lĩnh vực nào? | J1: =_xlfn.XLOOKUP(A1, RESPONSES!A:A, RESPONSES!P:P) -> Bạn đã tiếp xúc với ngôn ngữ lập trình nào? Cách bạn tiếp cận và học về ngôn ngữ đó như thế nào?(từng làm bài tập, làm project, tham gia các cuộc thi học thuật...) | K1: =_xlfn.XLOOKUP(A1, RESPONSES!A:A, RESPONSES!Q:Q) -> Lĩnh vực mà bạn định hướng học tập và phát triển nghề nghiệp trong tương lai là gì (phát triển web, phát triển ứng dụng, máy học, trí tuệ nhân tạo...)? | L1: =_xlfn.XLOOKUP(A1, RESPONSES!A:A, RESPONSES!R:R) -> Giả sử bạn được sắp xếp vào một nhóm nhỏ gồm những người bạn chưa từng quen và phải hoàn thành một task mới mà nhóm chưa từng xử lí trong vòng 7 ngày, thì bạn sẽ lên kế hoạch công việc như thế nào? (t | M1: =_xlfn.XLOOKUP(A1, RESPONSES!A:A, RESPONSES!S:S) -> [Khảo sát] Khi đến với ban Hệ thống, bạn mong muốn được tìm hiểu thêm về kiến thức nào? | N1: =_xlfn.XLOOKUP(A1, RESPONSES!A:A, RESPONSES!T:T) -> Bạn có hứng thú tìm hiểu ở (các) lĩnh vực nào sau đây? | O1: =_xlfn.XLOOKUP(A1, RESPONSES!A:A, RESPONSES!U:U) -> Với Graphic Design, bạn hãy chia sẻ về kỹ năng thiết kế và biên tập của mình nhé! Với các công cụ thiết kế (Canva, Photoshop, Illustrator, Capcut, After Effects...) bạn tự đánh giá mình ở mức độ nào? | P1: =_xlfn.XLOOKUP(A1, RESPONSES!A:A, RESPONSES!V:V) -> Với Photography, bạn hiện đang có thiết bị nào có thể sử dụng để chụp ảnh? | Q1: =_xlfn.XLOOKUP(A1, RESPONSES!A:A, RESPONSES!W:W) -> Link tổng hợp sản phẩm của bạn (nếu có) | R1: =_xlfn.XLOOKUP(A1, RESPONSES!A:A, RESPONSES!X:X) -> Khi gặp bế tắc trong việc sáng tạo nội dung, bạn thường làm gì để tìm kiếm ý tưởng? | S1: =_xlfn.XLOOKUP(A1, RESPONSES!A:A, RESPONSES!Y:Y) -> Trong một cuộc họp, bạn đưa ra một ý tưởng mà bạn rất tin tưởng, nhưng một thành viên khác trong ban lại phản đối kịch liệt và cho rằng nó "không hiệu quả". Bạn sẽ làm gì trong tình huống đó? | T1: =_xlfn.XLOOKUP(A1, RESPONSES!A:A, RESPONSES!Z:Z) -> Khi tổ chức một hoạt động hay sự kiện thì bạn nghĩ bạn sẽ làm tốt ở vị trí một người leader hay các vị trí khác. Hãy giải thích và đưa ra lí do cho sự lựa chọn của mình? | U1: =_xlfn.XLOOKUP(A1, RESPONSES!A:A, RESPONSES!AA:AA) -> Nếu như bạn là một người quản lý một nhóm gồm nhiều thành viên, bạn sẽ làm gì để đảm bảo mọi người đều cảm thấy được trân trọng và có tiếng nói trong quyết định? Bạn có thể chia sẻ cách bạn làm như th | V1: =_xlfn.XLOOKUP(A1, RESPONSES!A:A, RESPONSES!AB:AB) -> Tưởng tượng sự kiện đang diễn ra suôn sẻ thì có một sự cố nghiêm trọng bất ngờ xảy ra (ví dụ: mất điện, diễn giả chính đến trễ 30 phút, hoặc người tham dự phàn nàn gay gắt...). Việc đầu tiên bạn sẽ là | W1: =_xlfn.XLOOKUP(A1, RESPONSES!A:A, RESPONSES!AC:AC) -> Bạn mong đợi điều gì khi tham gia Trainee Program 2026? | X1: =_xlfn.XLOOKUP(A1, RESPONSES!A:A, RESPONSES!AD:AD) -> Bạn có muốn nói gì với BTC để thể hiện mong muốn được vào Trainee Program không? Nếu có thắc mắc cần giải đáp, đừng ngần ngại đặt câu hỏi cho BTC nha! | Z1: ĐÁNH GIÁ
Z2: Tỷ | AA2: Khôi | AN2: Kem đánh răng
A3: 1 | B3: =_xlfn.XLOOKUP(A3, RESPONSES!A:A, RESPONSES!F:F) -> Nguyễn Minh Toàn | C3: =_xlfn.XLOOKUP(A3, RESPONSES!A:A, RESPONSES!G:G) -> 26522053 | D3: =_xlfn.XLOOKUP(A3, RESPONSES!A:A, RESPONSES!I:I) -> 26522053@gm.uit.edu.vn | E3: =_xlfn.XLOOKUP(A3, RESPONSES!A:A, RESPONSES!J:J) -> KHTA2026 | F3: =_xlfn.XLOOKUP(A3, RESPONSES!A:A, RESPONSES!L:L) -> - Những từ nào để mô tả bản thân: - Điểm mạnh: Ham học hỏi, tò mò và là người có tinh thần cầu tiến, sẵn sàng tiếp thu những ý kiến khác nhau để hoàn thiện bản thân. - Điểm yếu: Bản thân đang trong quá trình thích nghi với môi trường đại học. Việc thay đổi nhịp sống mới khiến mình còn lúng túng, nhưng mình đang tích cực chủ động điều chỉnh bản thân từng ngày. | G3: =_xlfn.XLOOKUP(A3, RESPONSES!A:A, RESPONSES!M:M) -> Một lần mình chủ động học hỏi kỹ năng mới là khi tự tìm tòi cách bắt trend làm nhạc WorldCup cho các trường học trên TikTok. Nhận thấy thời điểm đó phong trào này đang thu hút sự chú ý lớn nhưng trường của mình chưa có ai làm, mình đã quyết định tự học cách sử dụng AI để tạo âm nhạc kết hợp với việc edit video hình ảnh để tạo ra sản phẩm mang dấu ấn riêng của trường. Dù ban đầu việc sử dụng AI còn nhiều bỡ ngỡ, mình đã kiên trì mày mò, thử nghiệm cho đến khi hoàn thiện video. Trải nghiệm này không chỉ giúp mình rèn luyện tư duy sáng tạo, khả năng tự học công cụ số mà còn nâng cao sự nhạy bén trong việc nắm bắt các xu hướng nội dung trên mạng xã hội. đây là sản phẩm của mình lúc đó: https://www.tiktok.com/@nmt.axxv/video/7635611717749198102 | H3: =_xlfn.XLOOKUP(A3, RESPONSES!A:A, RESPONSES!N:N) -> 0 | I3: =_xlfn.XLOOKUP(A3, RESPONSES!A:A, RESPONSES!O:O) -> Truyền thông - Sự kiện | J3: =_xlfn.XLOOKUP(A3, RESPONSES!A:A, RESPONSES!P:P) -> 0 | K3: =_xlfn.XLOOKUP(A3, RESPONSES!A:A, RESPONSES!Q:Q) -> 0 | L3: =_xlfn.XLOOKUP(A3, RESPONSES!A:A, RESPONSES!R:R) -> 0 | M3: =_xlfn.XLOOKUP(A3, RESPONSES!A:A, RESPONSES!S:S) -> 0 | N3: =_xlfn.XLOOKUP(A3, RESPONSES!A:A, RESPONSES!T:T) -> Graphic design;Content; | O3: =_xlfn.XLOOKUP(A3, RESPONSES!A:A, RESPONSES!U:U) -> Biết dùng Canva cơ bản | P3: =_xlfn.XLOOKUP(A3, RESPONSES!A:A, RESPONSES!V:V) -> Chỉ điện thoại | Q3: =_xlfn.XLOOKUP(A3, RESPONSES!A:A, RESPONSES!W:W) -> https://docs.google.com/document/d/1TUh18pTCUUJs3Y6UVx9Tc50Od0aL92AWxUHvY8HhYHc/edit?usp=sharing | R3: =_xlfn.XLOOKUP(A3, RESPONSES!A:A, RESPONSES!X:X) -> Quan sát và cập nhật xu hướng từ các nền tảng mạng xã hội ( học hỏi ý tưởng từ các nội dung, video, trào lưu đang được nhiều người quan tâm một cách có chọn lọc). Bên cạnh đó, Ứng dụng công cụ AI để hỗ trợ lên ý tưởng. | S3: =_xlfn.XLOOKUP(A3, RESPONSES!A:A, RESPONSES!Y:Y) -> - Lắng nghe và đặt ra câu hỏi: mình sẽ lắng nghe, đặt bản thân vào góc nhìn của thành viên đó. Đồng thời đặt ra câu hỏi, lý do tại sao ý tưởng của bản thân bị phản đối. - Trình bày góc nhìn của bản thân: Mình sẽ trình bày ngắn gọn các nguyên nhân bản thân tin tưởng vào ý tưởng này. Từ đó đúc kết lại ý tưởng xem giải pháp nào hiệu quả hơn. | T3: =_xlfn.XLOOKUP(A3, RESPONSES!A:A, RESPONSES!Z:Z) -> Không | U3: =_xlfn.XLOOKUP(A3, RESPONSES!A:A, RESPONSES!AA:AA) -> Không | V3: =_xlfn.XLOOKUP(A3, RESPONSES!A:A, RESPONSES!AB:AB) -> Không | W3: =_xlfn.XLOOKUP(A3, RESPONSES!A:A, RESPONSES!AC:AC) -> Trải nghiệm thực tế và nâng cao kỹ năng: Mình mong muốn được học hỏi và trực tiếp tham gia vào quy trình tổ chức các sự kiện, chương trình lớn nhỏ của Đoàn - Hội. Từ đó rèn luyện kỹ năng và sự linh hoạt khi đối mặt với thử thách. | X3: =_xlfn.XLOOKUP(A3, RESPONSES!A:A, RESPONSES!AD:AD) -> Mình rất mong sẽ có cơ hội trở thành một mảnh ghép của Trainee Program 2026 để cùng BTC tạo nên một hành trình đáng nhớ. | AN3: - Mấy content của bạn cũng kiểu daily á, cũng cute - Điền form cũng có tâm - Quay bằng điện thoại giống tui nè -> Pass nho
A4: 2 | B4: =_xlfn.XLOOKUP(A4, RESPONSES!A:A, RESPONSES!F:F) -> Nguyễn Thanh Thien | C4: =_xlfn.XLOOKUP(A4, RESPONSES!A:A, RESPONSES!G:G) -> 26521909 | D4: =_xlfn.XLOOKUP(A4, RESPONSES!A:A, RESPONSES!I:I) -> 26521909@gm.uit.edu.vn | E4: =_xlfn.XLOOKUP(A4, RESPONSES!A:A, RESPONSES!J:J) -> KHTA2026 | F4: =_xlfn.XLOOKUP(A4, RESPONSES!A:A, RESPONSES!L:L) -> - thích thử và học hỏi những cái mới - đam mê âm nhạc, quay chụp ( dù chưa có nhiều kinh nghiệm :P) - thích sáng tạo - hướng nội - làm việc ít theo kế hoạch - nghĩ quá nhiều trước khi bắt tay vào làm một việc gì đó | G4: =_xlfn.XLOOKUP(A4, RESPONSES!A:A, RESPONSES!M:M) -> Trong một dự án nhóm về chủ đề AI trong đời sống của môn Tiếng Anh năm lớp 12, em đã có cơ hội tìm hiểu và thực hành các kỹ năng về quay dựng video. Em đã học các tutorial trên mạng, tham khảo các sản phẩm có sẵn cũng như nhờ sự trợ giúp của AI để lựa chọn các góc quay, sắp xếp nội dung truyền tải cũng như học sử dụng phần mền dựng video và dựng video cơ bản. Dự án đó đã giúp em cải thiện những kỹ năng về quay dựng, teamwork cũng như kịch bản. Và sản phẩm đó dù không lớn nhưng đã là một thành quả tâm huyết đối với em. Em cảm thấy việc tự học một thứ gì đó sẽ dễ dàng hơn khi có một mục tiêu cụ thể để thực hành. | H4: =_xlfn.XLOOKUP(A4, RESPONSES!A:A, RESPONSES!N:N) -> 0 | I4: =_xlfn.XLOOKUP(A4, RESPONSES!A:A, RESPONSES!O:O) -> Truyền thông - Sự kiện | J4: =_xlfn.XLOOKUP(A4, RESPONSES!A:A, RESPONSES!P:P) -> 0 | K4: =_xlfn.XLOOKUP(A4, RESPONSES!A:A, RESPONSES!Q:Q) -> 0 | L4: =_xlfn.XLOOKUP(A4, RESPONSES!A:A, RESPONSES!R:R) -> 0 | M4: =_xlfn.XLOOKUP(A4, RESPONSES!A:A, RESPONSES!S:S) -> 0 | N4: =_xlfn.XLOOKUP(A4, RESPONSES!A:A, RESPONSES!T:T) -> Photography;Content;Video; | O4: =_xlfn.XLOOKUP(A4, RESPONSES!A:A, RESPONSES!U:U) -> biết dùng canva cơ bản | P4: =_xlfn.XLOOKUP(A4, RESPONSES!A:A, RESPONSES!V:V) -> có máy ảnh nhưng ít khi dùng, chủ yếu là điện thoại | Q4: =_xlfn.XLOOKUP(A4, RESPONSES!A:A, RESPONSES!W:W) -> https://drive.google.com/file/d/1W5L0I_hMEW8eU5xSDPTfj7ngz6j_RMZ3/view?usp=drive_link | R4: =_xlfn.XLOOKUP(A4, RESPONSES!A:A, RESPONSES!X:X) -> đi dạo, gặp gỡ bạn bè, tham khảo ý tưởng trên mạng | S4: =_xlfn.XLOOKUP(A4, RESPONSES!A:A, RESPONSES!Y:Y) -> Em nghĩ đó là ý kiến từ chỉ một thành viên, nên em sẽ hỏi rõ lý do thành viên đó không đồng tình với ý tưởng của mình. Ngoài ra vì làm việc trong một tập thể nên những ý kiến từ những thành viên khác cũng rất quan trọng. Nếu có thêm những ý kiến, đánh giá từ các thành viên khác thì em nghĩ kết quả cho ra sẽ làm hài lòng đc tất cả. | T4: =_xlfn.XLOOKUP(A4, RESPONSES!A:A, RESPONSES!Z:Z) -> hăm | U4: =_xlfn.XLOOKUP(A4, RESPONSES!A:A, RESPONSES!AA:AA) -> hăm | V4: =_xlfn.XLOOKUP(A4, RESPONSES!A:A, RESPONSES!AB:AB) -> hăm | W4: =_xlfn.XLOOKUP(A4, RESPONSES!A:A, RESPONSES!AC:AC) -> Em mong được kết nối và học hỏi thêm về cách làm việc và kinh nghiệm của mọi người. Và em cũng muốn bản thân trở nên chủ động và tích cực hơn ở môi trường đại học, và Trainer Program sẽ là bước chạy đà hoàn hảo đối với em. | X4: =_xlfn.XLOOKUP(A4, RESPONSES!A:A, RESPONSES!AD:AD) -> em yeu CS 🫰
A5: 3 | B5: =_xlfn.XLOOKUP(A5, RESPONSES!A:A, RESPONSES!F:F) -> Nguyễn Thanh Anh Thư | C5: =_xlfn.XLOOKUP(A5, RESPONSES!A:A, RESPONSES!G:G) -> 26521973 | D5: =_xlfn.XLOOKUP(A5, RESPONSES!A:A, RESPONSES!I:I) -> 26521973@gm.uit.edu.vn | E5: =_xlfn.XLOOKUP(A5, RESPONSES!A:A, RESPONSES!J:J) -> TTNT2026 | F5: =_xlfn.XLOOKUP(A5, RESPONSES!A:A, RESPONSES!L:L) -> - Mình hay được bạn bè nhận xét là nhiệt tình, tốt bụng, và đôi lúc hơi trầm tính - Điểm mạnh của mình là luôn sẵn sàng hỗ trợ mọi người, cả việc mình chưa biết làm mình cũng sẵn sàng để học, và nếu đã làm mình sẽ cố gắng làm mọi việc đến nơi đến chốn, không để mọi người thất vọng - Điểm yếu chí mạng của mình là khả năng giao tiếp và hội nhập của mình hơi yếu, mình sẵn sàng đáp lại mọi người nhưng chưa biết cách hủ động bắt chuyện, mình đang cố gắng khắc phục điểm yếu này, đó cũng là 1 phần lí do mình tham gia chương trình này | G5: =_xlfn.XLOOKUP(A5, RESPONSES!A:A, RESPONSES!M:M) -> - Một kỹ năng mà mình học được trong quá trình học tập là cách quản lý thời gian và sắp xếp công việc. Trước đây, mình thường làm mọi việc theo cảm hứng, đôi khi dành quá nhiều thời gian cho một công việc mà quên mất những việc khác cần hoàn thành. Sau một vài lần gặp khó khăn trong việc cân bằng giữa học tập và các hoạt động cá nhân, mình bắt đầu tập thói quen lên kế hoạch, liệt kê những việc cần làm và ưu tiên những công việc quan trọng. - Mình đã áp dụng kỹ năng này trong những khoảng thời gian có nhiều bài tập và bài kiểm tra cùng lúc. Việc chia nhỏ công việc và đặt ra thời hạn hoàn thành giúp mình chủ động hơn, hạn chế tình trạng dồn việc vào phút cuối. Dù đôi lúc vẫn chưa thực hiện đúng kế hoạch, mình cảm thấy bản thân đã cải thiện được khả năng quản lý thời gian và có trách nhiệm hơn với những công việc mình đảm nhận. | H5: =_xlfn.XLOOKUP(A5, RESPONSES!A:A, RESPONSES!N:N) -> 0 | I5: =_xlfn.XLOOKUP(A5, RESPONSES!A:A, RESPONSES!O:O) -> Hệ thống | J5: =_xlfn.XLOOKUP(A5, RESPONSES!A:A, RESPONSES!P:P) -> - Python và C++ - Mình tiếp xúc lần đầu qua học trên lớp, rồi mình có hứng thú và bắt đầu tìm các bài tập trên các web luyện code | K5: =_xlfn.XLOOKUP(A5, RESPONSES!A:A, RESPONSES!Q:Q) -> Chưa có | L5: =_xlfn.XLOOKUP(A5, RESPONSES!A:A, RESPONSES!R:R) -> Đầu tiên, mình sẽ chủ động làm quen và trao đổi với các thành viên trong nhóm để mọi người hiểu nhau hơn, đồng thời tìm hiểu điểm mạnh, điểm yếu và khả năng của từng người. Vì đây là một task hoàn toàn mới nên mình nghĩ cả nhóm cần dành thời gian tìm hiểu yêu cầu, nghiên cứu tài liệu và tham khảo cách thực hiện những công việc tương tự trước khi bắt tay vào làm. Sau đó, nhóm sẽ cùng thảo luận, thống nhất hướng giải quyết và phân chia công việc dựa trên khả năng của từng thành viên. Về timeline, mình dự định dành ngày đầu tiên để làm quen và phân tích yêu cầu, ngày thứ 2 để nghiên cứu và lên kế hoạch, ngày 3 đến ngày 5 để thực hiện công việc. Ngày thứ 6, cả nhóm sẽ tổng hợp kết quả, kiểm tra và chỉnh sửa những điểm chưa hợp lý. Ngày cuối cùng sẽ dành để hoàn thiện và nộp sản phẩm. Trong quá trình làm việc, mình sẽ cố gắng duy trì việc trao đổi thường xuyên giữa các thành viên để kịp thời hỗ trợ nhau khi gặp khó khăn. Mình cũng sẽ chủ động hoàn thành phần việc của bản thân và sẵn sàng tiếp nhận góp ý từ mọi người. | M5: =_xlfn.XLOOKUP(A5, RESPONSES!A:A, RESPONSES!S:S) -> Có thể rèn luyện tư duy lập trình, có thêm kinh nghiệm làm việc | N5: =_xlfn.XLOOKUP(A5, RESPONSES!A:A, RESPONSES!T:T) -> 0 | O5: =_xlfn.XLOOKUP(A5, RESPONSES!A:A, RESPONSES!U:U) -> 0 | P5: =_xlfn.XLOOKUP(A5, RESPONSES!A:A, RESPONSES!V:V) -> 0 | Q5: =_xlfn.XLOOKUP(A5, RESPONSES!A:A, RESPONSES!W:W) -> 0 | R5: =_xlfn.XLOOKUP(A5, RESPONSES!A:A, RESPONSES!X:X) -> 0 | S5: =_xlfn.XLOOKUP(A5, RESPONSES!A:A, RESPONSES!Y:Y) -> 0 | T5: =_xlfn.XLOOKUP(A5, RESPONSES!A:A, RESPONSES!Z:Z) -> 0 | U5: =_xlfn.XLOOKUP(A5, RESPONSES!A:A, RESPONSES!AA:AA) -> 0 | V5: =_xlfn.XLOOKUP(A5, RESPONSES!A:A, RESPONSES!AB:AB) -> 0 | W5: =_xlfn.XLOOKUP(A5, RESPONSES!A:A, RESPONSES!AC:AC) -> Mình hi vọng sẽ có thêm nhiều bạn mới, cũng như trau dồi thêm những trải nghiệm của bản thân | X5: =_xlfn.XLOOKUP(A5, RESPONSES!A:A, RESPONSES!AD:AD) -> 0 | Z5: Kiểu người thân thì nói nhiều, còn không thân thì trầm? Khá điển hình. => Nếu vào nhóm đủ thân thì làm việc rất tốt. Kĩ năng rất ổn và hữu ích. GUD! | AA5: làm việc nhóm thận trọng, chịu khó ttnt khá potential ;) OKI!
A6: 4 | B6: =_xlfn.XLOOKUP(A6, RESPONSES!A:A, RESPONSES!F:F) -> Trương Chí Đạt | C6: =_xlfn.XLOOKUP(A6, RESPONSES!A:A, RESPONSES!G:G) -> 25520298 | D6: =_xlfn.XLOOKUP(A6, RESPONSES!A:A, RESPONSES!I:I) -> 25520298@gm.uit.edu.vn | E6: =_xlfn.XLOOKUP(A6, RESPONSES!A:A, RESPONSES!J:J) -> MMTT2025 | F6: =_xlfn.XLOOKUP(A6, RESPONSES!A:A, RESPONSES!L:L) -> -Khó tập trung nhưng nếu có hứng thú thì gần như là không thể rời bàn học -Khả năng tiếp thu thông tin bằng hình ảnh khá tệ nhưng học hỏi từ văn bản và có minh hoạ thực tế thì tiếp thu không sót chữ nào | G6: =_xlfn.XLOOKUP(A6, RESPONSES!A:A, RESPONSES!M:M) -> tự học làm game, khá là ngột ngạt nhưng bị cuốn hút vì nùi thông tin, tài liệu khá vui, hứng thú và còn làm đến giờ | H6: =_xlfn.XLOOKUP(A6, RESPONSES!A:A, RESPONSES!N:N) -> Thứ 3 - Thứ 5 - Thứ 7 | I6: =_xlfn.XLOOKUP(A6, RESPONSES!A:A, RESPONSES!O:O) -> Hệ thống | J6: =_xlfn.XLOOKUP(A6, RESPONSES!A:A, RESPONSES!P:P) -> C# và C++ là chủ yếu, nhưng hiện tại chỉ tập trung nhiều vào C# (có một ít từ GDscript nma nó chỉ gói gọn vào Godot Engine nên không đáng) Học qua làm game và sự kiện Devo và mấy cái project cá nhân như làm game qua Unity và hiện tại là event devapp của bhtcnpm | K6: =_xlfn.XLOOKUP(A6, RESPONSES!A:A, RESPONSES!Q:Q) -> Devops | L6: =_xlfn.XLOOKUP(A6, RESPONSES!A:A, RESPONSES!R:R) -> cái này phải tuỳ vào nhóm, chứ mình thì sẽ thiên về tìm hiểu thông tin cho phần mình | M6: =_xlfn.XLOOKUP(A6, RESPONSES!A:A, RESPONSES!S:S) -> học thêm tí về hệ thống với phần mềm :v | N6: =_xlfn.XLOOKUP(A6, RESPONSES!A:A, RESPONSES!T:T) -> 0 | O6: =_xlfn.XLOOKUP(A6, RESPONSES!A:A, RESPONSES!U:U) -> 0 | P6: =_xlfn.XLOOKUP(A6, RESPONSES!A:A, RESPONSES!V:V) -> 0 | Q6: =_xlfn.XLOOKUP(A6, RESPONSES!A:A, RESPONSES!W:W) -> 0 | R6: =_xlfn.XLOOKUP(A6, RESPONSES!A:A, RESPONSES!X:X) -> 0 | S6: =_xlfn.XLOOKUP(A6, RESPONSES!A:A, RESPONSES!Y:Y) -> 0 | T6: =_xlfn.XLOOKUP(A6, RESPONSES!A:A, RESPONSES!Z:Z) -> 0 | U6: =_xlfn.XLOOKUP(A6, RESPONSES!A:A, RESPONSES!AA:AA) -> 0 | V6: =_xlfn.XLOOKUP(A6, RESPONSES!A:A, RESPONSES!AB:AB) -> 0 | W6: =_xlfn.XLOOKUP(A6, RESPONSES!A:A, RESPONSES!AC:AC) -> ai biết, chứ nghe là muốn nâng trình hệ thống lên rồi | X6: =_xlfn.XLOOKUP(A6, RESPONSES!A:A, RESPONSES!AD:AD) -> nào có hỏi seu | Z6: Có vẻ khá kiệm lời. Câu trả lời khá cứng ngắt và thô. Có kinh nghiệm và trải nghiệm nhưng hướng đi gần như không phù hợp với CS. BAD! | AA6: kế hoạch làm việc nhóm không rõ ràng, trả lời không ổn, mong đợi trả lời khá cục, cần xem xét thêm
A7: 5 | B7: =_xlfn.XLOOKUP(A7, RESPONSES!A:A, RESPONSES!F:F) -> Hồ Nhất Nam | C7: =_xlfn.XLOOKUP(A7, RESPONSES!A:A, RESPONSES!G:G) -> 26521293 | D7: =_xlfn.XLOOKUP(A7, RESPONSES!A:A, RESPONSES!I:I) -> 26521293@gm.uit.edu.vn | E7: =_xlfn.XLOOKUP(A7, RESPONSES!A:A, RESPONSES!J:J) -> KHMT2026.2 | F7: =_xlfn.XLOOKUP(A7, RESPONSES!A:A, RESPONSES!L:L) -> Nếu dùng từ để mô tả bản thân thì theo mình là ổn định. Và mình nghĩ nó vừa là điểm mạnh vừa là điểm yếu. Bởi vì mình hiếm khi nào có thể vượt trội hẳn, hay tạo ra khác biệt sáng tạo. Ưu điểm thì rõ ràng là sẽ không thể hiện quá tệ hại | G7: =_xlfn.XLOOKUP(A7, RESPONSES!A:A, RESPONSES!M:M) -> Kĩ năng mình học được mà mình nhớ mãi là kĩ năng vẽ, mình tự học như sở thích. Vẽ là sở thích của mình và mình thật sự rất bất ngờ khi nó áp dụng được cho khá nhiều thứ, dù hơi nhỏ nhặt. Thực dụng nhất là mình áp dụng vẽ để vẽ thuê kiếm thu nhập. Còn trừu tượng hơn thì mình cảm thấy vẽ khiến mình để ý kĩ những chi tiết nhỏ nhặt và khả năng cảm giác về tổng thể | H7: =_xlfn.XLOOKUP(A7, RESPONSES!A:A, RESPONSES!N:N) -> Thứ 2 - Thứ 4 - Thứ 6 | I7: =_xlfn.XLOOKUP(A7, RESPONSES!A:A, RESPONSES!O:O) -> Hệ thống | J7: =_xlfn.XLOOKUP(A7, RESPONSES!A:A, RESPONSES!P:P) -> Mình đã tiếp xúc với ngôn ngữ Python và C++. Cách mình tiếp cận thì C++ mình học được trên trường đại học qua các bài tập,project còn Python mình học qua youtube. | K7: =_xlfn.XLOOKUP(A7, RESPONSES!A:A, RESPONSES!Q:Q) -> Mình muốn làm về computer vision và trí tuệ nhân tạo trong lĩnh vực giọng nói, âm thanh | L7: =_xlfn.XLOOKUP(A7, RESPONSES!A:A, RESPONSES!R:R) -> Trước tiên thì mình sẽ xem xem task đó như thế nào, làm về gì, gồm những phần chính nào. Sau đó tìm hiểu xem những phần đó đại khái làm như thế nào rồi đưa ra ý kiến trong nhóm về những phần đó đồng thời chọn phần mình cảm thấy phù hợp nhất.Và tiếp đó là chia thời gian và báo cáo tiến độ.Nếu phần mình làm vẫn còn lấn cấn dù mình đã tìm hiểu thì mình sẽ hỏi bạn leader hoặc anh chị hướng dẫn hoặc anh chị khóa trên mình quen. Và tiến trình task ổn định kịp 7 ngày thì ổn , nếu không thì mình sẽ xem tổng thể là tại sao không kịp, nếu xử lí vấn đề đó mà không kịp 7 ngày thì có lẽ mình sẽ thừa nhận năng lực còn kém và xin anh chị kéo dài thời gian ra vài ngày | M7: =_xlfn.XLOOKUP(A7, RESPONSES!A:A, RESPONSES!S:S) -> Mình muốn tìm hiểu những kiến thức liên quan đến computer vision và trí tuệ nhân tạo. Cũng đồng thời mình muốn cải thiện kĩ năng mềm của bản thân | N7: =_xlfn.XLOOKUP(A7, RESPONSES!A:A, RESPONSES!T:T) -> 0 | O7: =_xlfn.XLOOKUP(A7, RESPONSES!A:A, RESPONSES!U:U) -> 0 | P7: =_xlfn.XLOOKUP(A7, RESPONSES!A:A, RESPONSES!V:V) -> 0 | Q7: =_xlfn.XLOOKUP(A7, RESPONSES!A:A, RESPONSES!W:W) -> 0 | R7: =_xlfn.XLOOKUP(A7, RESPONSES!A:A, RESPONSES!X:X) -> 0 | S7: =_xlfn.XLOOKUP(A7, RESPONSES!A:A, RESPONSES!Y:Y) -> 0 | T7: =_xlfn.XLOOKUP(A7, RESPONSES!A:A, RESPONSES!Z:Z) -> 0 | U7: =_xlfn.XLOOKUP(A7, RESPONSES!A:A, RESPONSES!AA:AA) -> 0 | V7: =_xlfn.XLOOKUP(A7, RESPONSES!A:A, RESPONSES!AB:AB) -> 0 | W7: =_xlfn.XLOOKUP(A7, RESPONSES!A:A, RESPONSES!AC:AC) -> Mình mong đợi mình có thể học được nhiều thứ và quan trọng hơn hết là có thể áp dụng được chứ không chỉ kiến thức lý thuyết | X7: =_xlfn.XLOOKUP(A7, RESPONSES!A:A, RESPONSES!AD:AD) -> Mình cảm thấy Trainee Program rất có ý nghĩa với các bạn tân sinh viên như mình. | Z7: Có kĩ năng là vẽ thì khá bất ngờ. Phần lập kế hoạch lại thiên hướng chỉ muốn làm thành viên? Có mong muốn học hỏi và phát triển. GUD! | AA7: hơi mid, có năng khiếu vẽ!!! bào được nhen chọn hệ thống hơi bất ngờ ok nhen
A8: 6 | B8: =_xlfn.XLOOKUP(A8, RESPONSES!A:A, RESPONSES!F:F) -> Trần Thu Hương | C8: =_xlfn.XLOOKUP(A8, RESPONSES!A:A, RESPONSES!G:G) -> 26520666 | D8: =_xlfn.XLOOKUP(A8, RESPONSES!A:A, RESPONSES!I:I) -> 26520666@gm.uit.edu.vn | E8: =_xlfn.XLOOKUP(A8, RESPONSES!A:A, RESPONSES!J:J) -> KHMT2026.1 | F8: =_xlfn.XLOOKUP(A8, RESPONSES!A:A, RESPONSES!L:L) -> Điểm mạnh : - Có trách nhiệm với nhiệm vụ được giao - Tinh thần học hỏi cao - Năng động, nhiệt huyết Điểm yếu : - Chưa có quá nhiều kinh nghiệm tham gia các hoạt động - Không quá tự tin khi phát biểu ý tưởng | G8: =_xlfn.XLOOKUP(A8, RESPONSES!A:A, RESPONSES!M:M) -> Ở cấp 2, trong một lần lướt tiktok thì mình lướt dính được một vid dạy về cách ứng dụng của hiệu ứng morph trong powerpoint và canva, giúp slide và bài thuyết trình được chuyển cảnh một cách mượt mà và chuyên nghiệp hơn. Sau khi coi xong video đó, trùng hợp là mình cũng đang có một bài thuyết trình và được phân vào nhiệm vụ làm slide, vì vậy mình đã thử áp dụng những gì đã học được vào slide của mình, dù lúc ấy chỉ mới học được một chút và slide mình vẫn chưa quá hoàn hảo, nhưng morph vẫn giúp slide mình nổi bật hơn các nhóm khác trong lớp vào thời điểm ấy, và nhóm mình được giáo viên cho điểm khá cao ở phần slide trình bày. Dù chỉ là 1 video ngẫu nhiên xuất hiện khi đang giải trí, nhưng mình rất biết ơn video ấy đã giúp mình học được kỹ năng dùng morph và bắt đầu tìm hiểu nhiều hơn về nó, thậm chí đến bây giờ mình vẫn còn sử dụng morph rất nhiều trong các slide khác vì tính thẩm mỹ cũng như sự linh hoạt mà nó mang lại. | H8: =_xlfn.XLOOKUP(A8, RESPONSES!A:A, RESPONSES!N:N) -> Thứ 2 - Thứ 4 - Thứ 6 | I8: =_xlfn.XLOOKUP(A8, RESPONSES!A:A, RESPONSES!O:O) -> Truyền thông - Sự kiện | J8: =_xlfn.XLOOKUP(A8, RESPONSES!A:A, RESPONSES!P:P) -> 0 | K8: =_xlfn.XLOOKUP(A8, RESPONSES!A:A, RESPONSES!Q:Q) -> 0 | L8: =_xlfn.XLOOKUP(A8, RESPONSES!A:A, RESPONSES!R:R) -> 0 | M8: =_xlfn.XLOOKUP(A8, RESPONSES!A:A, RESPONSES!S:S) -> 0 | N8: =_xlfn.XLOOKUP(A8, RESPONSES!A:A, RESPONSES!T:T) -> Graphic design; | O8: =_xlfn.XLOOKUP(A8, RESPONSES!A:A, RESPONSES!U:U) -> không | P8: =_xlfn.XLOOKUP(A8, RESPONSES!A:A, RESPONSES!V:V) -> Chỉ điện thoại | Q8: =_xlfn.XLOOKUP(A8, RESPONSES!A:A, RESPONSES!W:W) -> không | R8: =_xlfn.XLOOKUP(A8, RESPONSES!A:A, RESPONSES!X:X) -> không | S8: =_xlfn.XLOOKUP(A8, RESPONSES!A:A, RESPONSES!Y:Y) -> không | T8: =_xlfn.XLOOKUP(A8, RESPONSES!A:A, RESPONSES!Z:Z) -> Mình chưa có quá nhiều cơ hội được tổ chức một hoạt động hay sự kiện , trước đây nếu có thì mình thường là hậu cần, nhân sự và làm theo nhiệm vụ của leader giao cho, mình làm các vị trí này vì mình chưa hoàn toàn tự tin vào khả năng leader của mình. Nhưng mình mong sau này nếu đã có đầy đủ kỹ năng và kinh nghiệm, mình sẽ được làm leader thử 1 lần và cố gắng hết sức trong sự kiện ấy | U8: =_xlfn.XLOOKUP(A8, RESPONSES!A:A, RESPONSES!AA:AA) -> Nếu mình là một người quản lí, mình sẽ cố gắng tạo không khí cởi mở trước, hỏi thăm mọi người về lĩnh vực yêu thích cũng như điểm mạnh riêng để có thể bàn giao công việc một cách hợp lí, ghi nhận đóng góp và phản hồi của các thành viên, việc hài lòng với nhiệm vụ được giao là nền móng quan trọng để mọi người thoải mái hơn trong lúc làm việc cùng nhau, tiếp thêm động lực để mọi người chủ động và gắn kết hơn trong tập thể | V8: =_xlfn.XLOOKUP(A8, RESPONSES!A:A, RESPONSES!AB:AB) -> Nếu có sự cố nghiêm trọng bất ngờ xảy ra, mình nghĩ việc đầu tiên phải làm là bình tĩnh xác định mức độ của sự cố, trấn an người tham dự và tìm nguyên nhân xảy ra sự cố ngay lập tức, chủ động liên hệ các thành viên để giải quyết vấn đề cũng như nghĩ ra giải pháp tốt nhất để khắc phục sự cố cùng mọi người | W8: =_xlfn.XLOOKUP(A8, RESPONSES!A:A, RESPONSES!AC:AC) -> Mình muốn học thêm nhiều kỹ năng hơn và cải thiện các kỹ năng đang có. Ngoài ra, tham gia trainee cũng có thể giúp mình kết thêm nhiều bạn bè mới, học hỏi nhiều điều từ mọi người và cải thiện bản thân qua từng ngày | X8: =_xlfn.XLOOKUP(A8, RESPONSES!A:A, RESPONSES!AD:AD) -> Mình mong BTC sẽ cho mình một nơi học tập hiệu quả các kỹ năng, cũng như giúp mình kết nối được nhiều bạn bè hơn, được tổ chức và tạo ra nhiều sự kiện cùng mọi người
A9: 7 | B9: =_xlfn.XLOOKUP(A9, RESPONSES!A:A, RESPONSES!F:F) -> Phan Trần Minh Trí | C9: =_xlfn.XLOOKUP(A9, RESPONSES!A:A, RESPONSES!G:G) -> 26522113 | D9: =_xlfn.XLOOKUP(A9, RESPONSES!A:A, RESPONSES!I:I) -> 26522113@gm.uit.edu.vn | E9: =_xlfn.XLOOKUP(A9, RESPONSES!A:A, RESPONSES!J:J) -> KTMT2026.3 | F9: =_xlfn.XLOOKUP(A9, RESPONSES!A:A, RESPONSES!L:L) -> Nghĩa Khí - Thẳng Thắn - Cầu Tiến Điểm mạnh : - Luôn có trách nhiệm trong các công việc được giao - Luôn làm việc có mang lại giá trị , không bao giờ làm những chuyện mà không mang lại giá trị cho bản thân hay xã hội - Luôn thẳng thắn trong mọi vấn đề - Luôn cầu tiến bản thân phát triển , thăng tiến trong cuộc sống - Luôn nghĩa khí , lúc hoạn nạn được giúp đỡ thì khi ân nhân gặp vấn đề , sẽ giúp bằng mọi cách . Sống không để mình nợ ai , cũng không để ai nợ mình. Điểm Yếu : - Quan điểm em luôn đặt việc học là ưu tiên hàng đầu , nên nếu trường hợp những việc giao đột xuất không có trong kế hoạch thì em xin phép ko thực hiện - Luôn thẳng thắn quá mức nên đôi khi thiếu sự mềm dẻo | G9: =_xlfn.XLOOKUP(A9, RESPONSES!A:A, RESPONSES!M:M) -> Lần em nhớ nhất chính là kỹ năng tự học , và em hiểu được điều đó rõ hơn là khi bước chân vào môi trường đại học . Ngay từ khi vào lớp 10 , em đã phải quen cách tự học vì phương châm trường em là Tự Học Làm Cốt , và thực tế em áp dụng nó trong suốt quá trình học THPT nhưng khi lên Đại học em thấy rõ nó hơn và nó quan trọng đến mức nào. | H9: =_xlfn.XLOOKUP(A9, RESPONSES!A:A, RESPONSES!N:N) -> Thứ 3 - Thứ 5 - Thứ 7 | I9: =_xlfn.XLOOKUP(A9, RESPONSES!A:A, RESPONSES!O:O) -> Hệ thống | J9: =_xlfn.XLOOKUP(A9, RESPONSES!A:A, RESPONSES!P:P) -> Em thì mới học Lập Trình C++ từ khi nhập học UIT đến giờ , em cảm thấy tư duy logic giải quyết vấn đề nó quan trọng nhất và nó mới quyết định ai lập trình giỏi hơn , vì nếu chỉ đơn giản nhớ toàn bộ câu lệnh và áp nó vào cho tất cả các bài thì nó chả có ý nghĩa và việc đó AI làm được . | K9: =_xlfn.XLOOKUP(A9, RESPONSES!A:A, RESPONSES!Q:Q) -> Em định hướng phát triển các hệ thống IOT , AI và dĩ nhiên vẫn biết lập trình WEB , Game | L9: =_xlfn.XLOOKUP(A9, RESPONSES!A:A, RESPONSES!R:R) -> Dạ đầu tiên thì cùng nhau bàn và nói rõ năng lực mỗi người , phân công chuyên môn ứng với từng người . Deadline 7 ngày thì ưu tiên học kiến thức làm trong 3 ngày đầu tất cả cùng nhau học những kiến thức để làm được , người nào hiểu kiến thức nào trước có thể hỗ trợ nhau , trong 3 ngày này không những học mà ta còn xây dựng phương án kế hoạch chi tiết . Sau đó còn 4 ngày thì tất cả làm trong 3 ngày xong sản phẩm . Và ngày cuối cùng sẽ là ngày test sản phẩm , kiểm tra lỗi . | M9: =_xlfn.XLOOKUP(A9, RESPONSES!A:A, RESPONSES!S:S) -> Em muốn hiểu hơn về các kiến thức lĩnh vực lập trình | N9: =_xlfn.XLOOKUP(A9, RESPONSES!A:A, RESPONSES!T:T) -> 0 | O9: =_xlfn.XLOOKUP(A9, RESPONSES!A:A, RESPONSES!U:U) -> 0 | P9: =_xlfn.XLOOKUP(A9, RESPONSES!A:A, RESPONSES!V:V) -> 0 | Q9: =_xlfn.XLOOKUP(A9, RESPONSES!A:A, RESPONSES!W:W) -> 0 | R9: =_xlfn.XLOOKUP(A9, RESPONSES!A:A, RESPONSES!X:X) -> 0 | S9: =_xlfn.XLOOKUP(A9, RESPONSES!A:A, RESPONSES!Y:Y) -> 0 | T9: =_xlfn.XLOOKUP(A9, RESPONSES!A:A, RESPONSES!Z:Z) -> 0 | U9: =_xlfn.XLOOKUP(A9, RESPONSES!A:A, RESPONSES!AA:AA) -> 0 | V9: =_xlfn.XLOOKUP(A9, RESPONSES!A:A, RESPONSES!AB:AB) -> 0 | W9: =_xlfn.XLOOKUP(A9, RESPONSES!A:A, RESPONSES!AC:AC) -> Em mong đợi bản thân có thể học hỏi được nhiều kiến thức , kinh nghiệm và kết giao được nhiều mối quan hệ chất lượng hơn | X9: =_xlfn.XLOOKUP(A9, RESPONSES!A:A, RESPONSES!AD:AD) -> Khi đăng ký tham gia Trainee Program 2026 của Khoa Khoa Học Máy Tính UIT, em rất hào hứng nhưng cũng có một vài trăn trở nhỏ: -Cân bằng thời gian: Việc sắp xếp thời gian hợp lý giữa việc học tập, làm bài tập tại UIT với các hoạt động, sự kiện của Chương Trình để hoàn thành tốt cả hai trách nhiệm. -Hòa nhập môi trường mới: Là thành viên mới , mà bản thân còn không thuộc Khoa Khoa Học Máy Tính, em lo lắng chưa thích nghi ngay được với tiến độ công việc hoặc văn hóa sinh hoạt của Trainee Program 2026. -Kỹ năng thực tế: Lo lắng bản thân chưa có nhiều kinh nghiệm hơn hết là kỹ năng khi làm việc với các bạn thuộc Khoa Khoa Học Máy Tính vì các bạn rất giỏi. Tuy nhiên, em coi đây là cơ hội để học hỏi và rèn luyện. Em tin tưởng các anh chị và các bạn trong sẽ luôn hỗ trợ và đồng hành cùng người mới! | Z9: Tính cách thật sự thẳng thắng. Không biết lựa lời. "Cực kỳ" (nhét chữ) ưu tiên việc học, có thể nói là nếu không sắp xếp được việc được giao thì sẽ bỏ việc luôn. Có kĩ năng nịnh? BAD! | AA9: giới thiệu khá niche, định hướng còn hơi mơ hồ
A10: 8 | B10: =_xlfn.XLOOKUP(A10, RESPONSES!A:A, RESPONSES!F:F) -> Nguyễn Tuấn Hưng | C10: =_xlfn.XLOOKUP(A10, RESPONSES!A:A, RESPONSES!G:G) -> 26520645 | D10: =_xlfn.XLOOKUP(A10, RESPONSES!A:A, RESPONSES!I:I) -> 26520645@gm.uit.edu.vn | E10: =_xlfn.XLOOKUP(A10, RESPONSES!A:A, RESPONSES!J:J) -> KHMT2026.1 | F10: =_xlfn.XLOOKUP(A10, RESPONSES!A:A, RESPONSES!L:L) -> Mô tả đơn giản: Gì cũng biết những chẳng biết thứ gì Điểm mạnh: Thích tìm hiểu và học thêm kĩ năng mới, đa dạng lĩnh vực. Có tinh thần tự học Có trách nhiệm với nhiệm vụ Điểm yếu: Không thực sự quá tốt trong 1 lĩnh vực nào. Đôi lúc còn nóng vội | G10: =_xlfn.XLOOKUP(A10, RESPONSES!A:A, RESPONSES!M:M) -> Learn on tiktok =))) Em đã học cũng học kha khá kĩ năng như cách propmt, tư duy xử lý vấn đề các thứ ở mạng xã hội. Áp dụng trong đời sống thường ngày chứ cũng chưa có lần nào áp dụng cụ thể đủ ấn tượng để nhớ =) | H10: =_xlfn.XLOOKUP(A10, RESPONSES!A:A, RESPONSES!N:N) -> Thứ 2 - Thứ 4 - Thứ 6 | I10: =_xlfn.XLOOKUP(A10, RESPONSES!A:A, RESPONSES!O:O) -> Hệ thống | J10: =_xlfn.XLOOKUP(A10, RESPONSES!A:A, RESPONSES!P:P) -> Ngôn ngữ lập trình đã tiếp xúc: -Pascal: là học khi thi hsg ở THCS -C++: Tiếp xúc khi học chuyên Tin THPT -Python: là tự tìm hiểu thêm trong quá trình học | K10: =_xlfn.XLOOKUP(A10, RESPONSES!A:A, RESPONSES!Q:Q) -> Chưa có | L10: =_xlfn.XLOOKUP(A10, RESPONSES!A:A, RESPONSES!R:R) -> Em sẽ xử lý theo các bước Ngày 1: 1: Làm quen các bạn, nói chuyện và tạo nhóm các thứ để có thể liên lạc làm việc chung 2: Bóc tách Task cần xử lý thành những bài toán con để tiện cho việc phân chia 3: Tổ chức họp bàn phân công, cho các bạn xung phong chọn phần việc phù hợp (phải trình bày được kĩ năng cá nhân phù hợp với phần việc đó) 4: Đặt deadline rõ ràng cho các công việc, yêu cầu làm đúng hạn Ngày 2-4: 1: Tiến hành công việc của mỗi thành viên (Yêu cầu có trách nhiệm với phần việc được phân công) 2: Giúp đỡ nhau trong quá trình làm 3: Báo cáo tiến đội mỗi cuối ngày để nhóm tiện theo dõi và xử lý phù hợp Ngày 5: 1: Họp báo cáo kết quả làm việc 2: Tiến hành ráp các bài toán con vào task cần xử lý 3: Kiểm tra hoạt động và đề xuất những phương án bổ sung tối ưu hoạt động 4: Triển khai những bổ sung hợp lý (Back up bản gốc kẻo chết =))) ) Ngày 6: 1: Họp báo cáo hoàn thành Task 2: Đồng kiểm tra, đảm bảo hoạt động ổn 3: Chuẩn bị các thủ tục cần thiết trước khi bàn giao sản phẩm Final 4: Giao thành phẩm bản demo cho người giao task. (Chưa đủ wow thì vẫn còn ngày cuối để sửa ^_^ ) 5: Nếu chưa đủ wow: Triển khai sửa đổi/tối ưu theo yêu cầu. Ngày 7: 1: Hoàn thành bản Final_of_Final 2: Bàn giao cho người giao Task | M10: =_xlfn.XLOOKUP(A10, RESPONSES!A:A, RESPONSES!S:S) -> Em mong muốn học thêm về những kiến thức về giải thuật và lập trình, tư duy vận hành hệ thống, xử lý và bảo mật dữ liệu | N10: =_xlfn.XLOOKUP(A10, RESPONSES!A:A, RESPONSES!T:T) -> 0 | O10: =_xlfn.XLOOKUP(A10, RESPONSES!A:A, RESPONSES!U:U) -> 0 | P10: =_xlfn.XLOOKUP(A10, RESPONSES!A:A, RESPONSES!V:V) -> 0 | Q10: =_xlfn.XLOOKUP(A10, RESPONSES!A:A, RESPONSES!W:W) -> 0 | R10: =_xlfn.XLOOKUP(A10, RESPONSES!A:A, RESPONSES!X:X) -> 0 | S10: =_xlfn.XLOOKUP(A10, RESPONSES!A:A, RESPONSES!Y:Y) -> 0 | T10: =_xlfn.XLOOKUP(A10, RESPONSES!A:A, RESPONSES!Z:Z) -> 0 | U10: =_xlfn.XLOOKUP(A10, RESPONSES!A:A, RESPONSES!AA:AA) -> 0 | V10: =_xlfn.XLOOKUP(A10, RESPONSES!A:A, RESPONSES!AB:AB) -> 0 | W10: =_xlfn.XLOOKUP(A10, RESPONSES!A:A, RESPONSES!AC:AC) -> Học thêm kĩ năng mới phù hợp và hữu ích cho bản thân Có thêm những mối quan hệ mới | X10: =_xlfn.XLOOKUP(A10, RESPONSES!A:A, RESPONSES!AD:AD) -> #adduyet | Z10: Cách trả lời hài hước và vui => Cũng có thể giao tiếp tốt. Có nền tảng tin. Có kĩ năng lập kế hoạch và làm việc nhóm. GUD! | AA10: all mid but gud chiên tin thì đỉm cộng nhen oki
A11: 9 | B11: =_xlfn.XLOOKUP(A11, RESPONSES!A:A, RESPONSES!F:F) -> Lê Quang Khải | C11: =_xlfn.XLOOKUP(A11, RESPONSES!A:A, RESPONSES!G:G) -> 26520777 | D11: =_xlfn.XLOOKUP(A11, RESPONSES!A:A, RESPONSES!I:I) -> 26520777@gm.uit.edu.vn | E11: =_xlfn.XLOOKUP(A11, RESPONSES!A:A, RESPONSES!J:J) -> KHMT2026.1 | F11: =_xlfn.XLOOKUP(A11, RESPONSES!A:A, RESPONSES!L:L) -> - Em là người có chí tiến thủ, luôn mong muốn phát triển bản thân, học hỏi những điều mới và hướng đến những mục tiêu dài hạn. - Em có tinh thần tự học, sự kiên trì, khả năng phân tích và thích tìm hiểu bản chất của vấn đề thay vì chỉ tiếp nhận kiến thức một cách thụ động. - Em là người có trách nhiệm, chủ động tìm kiếm cơ hội và sẵn sàng tiếp thu góp ý để cải thiện bản thân. - Em sống tình cảm, biết quan tâm, coi trọng các mối quan hệ và luôn cố gắng thấu hiểu cảm xúc của những người mình yêu quý. - Em có khả năng tự nhìn nhận bản thân, nhận ra những thiếu sót và rút kinh nghiệm từ những trải nghiệm trong học tập cũng như cuộc sống. - Đôi khi em suy nghĩ quá nhiều, dễ bị ảnh hưởng bởi cách người khác đối xử với mình, đặc biệt là những người quan trọng đối với em. - Em có xu hướng đặt kỳ vọng cao vào bản thân, đôi khi tự tạo áp lực và chưa thực sự kiên nhẫn với những thiếu sót của mình. - Em đôi khi chưa biết cách bộc lộ cảm xúc và chia sẻ những khó khăn của bản thân, thường có xu hướng giữ những cảm xúc tiêu cực trong lòng. - Em cần học cách cân bằng giữa việc quan tâm đến người khác và chăm sóc bản thân, đồng thời xây dựng sự tự tin và khả năng giữ vững giá trị của mình trước những tác động bên ngoài. - Em luôn mong muốn hoàn thiện bản thân, không chỉ nâng cao năng lực chuyên môn và đạt được thành tựu trong học tập, sự nghiệp mà còn trở thành một người trưởng thành, vững vàng về cảm xúc và chân thành trong các mối quan hệ. | G11: =_xlfn.XLOOKUP(A11, RESPONSES!A:A, RESPONSES!M:M) -> Có một kỹ năng mà em đã rèn luyện và áp dụng từ năm lớp 10 là kỹ năng làm việc nhóm và quản lý công việc. Trong quá trình học cấp ba, em cùng các bạn trong tổ thường xuyên phối hợp thực hiện nhiều nhiệm vụ khác nhau như vệ sinh lớp học, chuẩn bị bài thuyết trình và hoàn thành các bài báo cáo. Để công việc diễn ra hiệu quả, nhóm em phân công nhiệm vụ rõ ràng cho từng thành viên, xác định thời hạn hoàn thành và thường xuyên trao đổi để theo dõi tiến độ. Khi cần thiết, chúng em tổ chức các buổi họp trực tiếp hoặc trực tuyến để thảo luận, giải quyết khó khăn và thống nhất cách thực hiện. Qua quá trình đó, em học được cách phối hợp với mọi người, sắp xếp công việc hợp lý, quản lý thời gian và có trách nhiệm với nhiệm vụ được giao. Em cũng hiểu rằng để làm việc nhóm hiệu quả, mỗi thành viên không chỉ cần hoàn thành phần việc của mình đúng hạn mà còn phải chủ động trao đổi, hỗ trợ lẫn nhau và cùng hướng đến mục tiêu chung. Em tin rằng những kinh nghiệm này sẽ giúp em thích nghi tốt hơn với môi trường đại học, đặc biệt trong các bài tập nhóm, dự án học tập và những hoạt động nghiên cứu trong tương lai. | H11: =_xlfn.XLOOKUP(A11, RESPONSES!A:A, RESPONSES!N:N) -> Thứ 2 - Thứ 4 - Thứ 6 | I11: =_xlfn.XLOOKUP(A11, RESPONSES!A:A, RESPONSES!O:O) -> Hệ thống | J11: =_xlfn.XLOOKUP(A11, RESPONSES!A:A, RESPONSES!P:P) -> Hiện tại, em đang là sinh viên năm nhất ngành Khoa học máy tính tại UIT và đang trong quá trình học tập, làm quen với ngôn ngữ lập trình C++. Vì mới bắt đầu tiếp cận với lập trình nên kinh nghiệm thực tế của em còn hạn chế, chủ yếu tập trung vào việc học các kiến thức cơ bản và làm quen với cách tư duy giải quyết vấn đề bằng lập trình. Em tiếp cận C++ thông qua các bài giảng, tài liệu học tập và quá trình tự tìm hiểu, thực hành những bài tập cơ bản để củng cố kiến thức. Em chưa có cơ hội tham gia các dự án lập trình thực tế hay các cuộc thi học thuật. Trong thời gian tới, em mong muốn xây dựng nền tảng lập trình vững chắc, tích lũy kinh nghiệm thông qua các bài tập và dự án nhỏ, từ đó từng bước nâng cao năng lực và chuẩn bị cho những cơ hội học tập, nghiên cứu trong tương lai. | K11: =_xlfn.XLOOKUP(A11, RESPONSES!A:A, RESPONSES!Q:Q) -> Chưa có | L11: =_xlfn.XLOOKUP(A11, RESPONSES!A:A, RESPONSES!R:R) -> - Đầu tiên, em sẽ lập một group zalo/mess để các thành viên trong nhóm có thể thảo luận với nhau. - Tiếp theo đó, bọn em sẽ bàn với nhau những ai giỏi cái gì, có kỹ năng nào. Trong trường hợp các bạn không trả lời tin nhắn, em sẽ yêu cầu các bạn tạo môt cuộc họp online/offline để nói chuyện với nhau. Trong cuộc họp, em sẽ hỏi các bạn giỏi ở phần nào, có kỹ năng và sở trường ở phần nào của công việc. - Sau khi đã phân công, em sẽ lập một deadline (ghi rõ ngày, giờ) phải nộp báo cáo. Em cũng sẽ đề nghị mọi người chủ động báo trước nếu gặp khó khăn hoặc không thể hoàn thành đúng thời hạn. - Nếu có thành viên không hoàn thành công việc đúng deadline, đầu tiên em sẽ liên hệ để tìm hiểu nguyên nhân và nhắc nhở bạn hoàn thành sớm nhất có thể. Nếu bạn gặp khó khăn, em sẽ cùng các thành viên khác hỗ trợ hoặc điều chỉnh, phân chia lại công việc cho phù hợp để không ảnh hưởng đến tiến độ chung. - Nếu một thành viên nhiều lần không hoàn thành nhiệm vụ dù đã được nhắc nhở và hỗ trợ, em sẽ trao đổi thẳng thắn với bạn để thống nhất trách nhiệm và cách khắc phục. Trong trường hợp cần thiết, nhóm sẽ điều chỉnh lại cách phân công và ghi nhận rõ phần đóng góp của từng thành viên để bảo đảm sự công bằng. | M11: =_xlfn.XLOOKUP(A11, RESPONSES!A:A, RESPONSES!S:S) -> Em mong muốn tìm hiểu thêm về tư duy logic, cách giải quyết vấn đề trong lập trình, cũng như cách phát hiện và sửa lỗi (debug) trong quá trình xây dựng chương trình. Bên cạnh đó, em muốn làm quen với Git/GitHub để quản lý mã nguồn, tìm hiểu kiến thức cơ bản về cơ sở dữ liệu và cách thiết kế, vận hành các hệ thống thực tế. Vì hiện tại em mới bắt đầu học C++ và chưa có nhiều kinh nghiệm thực hành, em hy vọng có cơ hội học hỏi từ các anh chị, được tiếp cận với những kiến thức mới và áp dụng chúng vào các nhiệm vụ, dự án cụ thể. Qua đó, em mong muốn xây dựng nền tảng kỹ thuật vững chắc, nâng cao khả năng tự học và từng bước phát triển bản thân trong lĩnh vực Khoa học máy tính. | N11: =_xlfn.XLOOKUP(A11, RESPONSES!A:A, RESPONSES!T:T) -> 0 | O11: =_xlfn.XLOOKUP(A11, RESPONSES!A:A, RESPONSES!U:U) -> 0 | P11: =_xlfn.XLOOKUP(A11, RESPONSES!A:A, RESPONSES!V:V) -> 0 | Q11: =_xlfn.XLOOKUP(A11, RESPONSES!A:A, RESPONSES!W:W) -> 0 | R11: =_xlfn.XLOOKUP(A11, RESPONSES!A:A, RESPONSES!X:X) -> 0 | S11: =_xlfn.XLOOKUP(A11, RESPONSES!A:A, RESPONSES!Y:Y) -> 0 | T11: =_xlfn.XLOOKUP(A11, RESPONSES!A:A, RESPONSES!Z:Z) -> 0 | U11: =_xlfn.XLOOKUP(A11, RESPONSES!A:A, RESPONSES!AA:AA) -> 0 | V11: =_xlfn.XLOOKUP(A11, RESPONSES!A:A, RESPONSES!AB:AB) -> 0 | W11: =_xlfn.XLOOKUP(A11, RESPONSES!A:A, RESPONSES!AC:AC) -> Khi tham gia Trainee Program 2026, em mong muốn có cơ hội học hỏi thêm những kiến thức và kỹ năng thực tế trong lĩnh vực Hệ thống, đặc biệt là tư duy logic, cách giải quyết vấn đề, phát hiện và sửa lỗi trong lập trình cũng như cách xây dựng và vận hành một hệ thống. Bên cạnh đó, em hy vọng được học hỏi kinh nghiệm từ các anh/chị cũng như các bạn cùng khóa, rèn luyện khả năng làm việc nhóm, giao tiếp và phối hợp trong quá trình thực hiện các nhiệm vụ chung. Vì hiện tại em vẫn đang trong giai đoạn đầu làm quen với lập trình, em mong chương trình sẽ giúp em xây dựng nền tảng vững chắc, tự tin hơn khi giải quyết các vấn đề kỹ thuật và từng bước áp dụng những kiến thức đã học vào thực tế. Em cũng hy vọng có thể đóng góp sức mình cho Ban Hệ thống và có thêm những trải nghiệm đáng nhớ trong quá trình tham gia chương trình. | X11: =_xlfn.XLOOKUP(A11, RESPONSES!A:A, RESPONSES!AD:AD) -> - Em hy vọng có cơ hội được tham gia Trainee Program 2026 để học hỏi từ các anh chị, trau dồi | Z11: Overthinking! Và có thể bùng nổ cảm xúc? Khả năng làm việc nhóm tốt. Mong muốn học hỏi cao. GUD! | AA11: có tham vọng, chưa có nền hệ thống quá mạnh nhưng khá chịu khó học hỏi, mong muốn được làm nhiều thứ.
A12: 10 | B12: =_xlfn.XLOOKUP(A12, RESPONSES!A:A, RESPONSES!F:F) -> Võ Hoàng Đăng Duy | C12: =_xlfn.XLOOKUP(A12, RESPONSES!A:A, RESPONSES!G:G) -> 26520433 | D12: =_xlfn.XLOOKUP(A12, RESPONSES!A:A, RESPONSES!I:I) -> 26520433@gm.uit.edu.vn | E12: =_xlfn.XLOOKUP(A12, RESPONSES!A:A, RESPONSES!J:J) -> KHMT2024 | F12: =_xlfn.XLOOKUP(A12, RESPONSES!A:A, RESPONSES!L:L) -> Kiên trì-Overthinking-Thân thiện | G12: =_xlfn.XLOOKUP(A12, RESPONSES!A:A, RESPONSES!M:M) -> Học được kĩ năng đi các tuyến xe buýt trong khu vực tphcm 1 cách thành thạo | H12: =_xlfn.XLOOKUP(A12, RESPONSES!A:A, RESPONSES!N:N) -> Thứ 3 - Thứ 5 - Thứ 7 | I12: =_xlfn.XLOOKUP(A12, RESPONSES!A:A, RESPONSES!O:O) -> Truyền thông - Sự kiện | J12: =_xlfn.XLOOKUP(A12, RESPONSES!A:A, RESPONSES!P:P) -> 0 | K12: =_xlfn.XLOOKUP(A12, RESPONSES!A:A, RESPONSES!Q:Q) -> 0 | L12: =_xlfn.XLOOKUP(A12, RESPONSES!A:A, RESPONSES!R:R) -> 0 | M12: =_xlfn.XLOOKUP(A12, RESPONSES!A:A, RESPONSES!S:S) -> 0 | N12: =_xlfn.XLOOKUP(A12, RESPONSES!A:A, RESPONSES!T:T) -> Content | O12: =_xlfn.XLOOKUP(A12, RESPONSES!A:A, RESPONSES!U:U) -> Không có | P12: =_xlfn.XLOOKUP(A12, RESPONSES!A:A, RESPONSES!V:V) -> Hăm có | Q12: =_xlfn.XLOOKUP(A12, RESPONSES!A:A, RESPONSES!W:W) -> 0 | R12: =_xlfn.XLOOKUP(A12, RESPONSES!A:A, RESPONSES!X:X) -> Đi ra ngoài ngắm cây cỏ trời đất hoặc đơn giản là xem mọi người xung quanh đang làm gì để tìm thêm ý tưởng | S12: =_xlfn.XLOOKUP(A12, RESPONSES!A:A, RESPONSES!Y:Y) -> Hmm, mình nghĩ trước tiên mình sẽ lắng nghe thành viên đó trình bày lí do tại sao bạn ấy nghĩ như vậy, nếu ý kiến bạn ấy mang tính xây dựng, cải thiện ý tưởng thì mình sẽ ghi nhận và xem xét sửa đổi ý tưởng và cùng bạn ấy và mọi người thảo luận thêm. | T12: =_xlfn.XLOOKUP(A12, RESPONSES!A:A, RESPONSES!Z:Z) -> Mình nghĩ sẽ là leader vì mình thấy mình khá thân thiện được với tất cả mọi người và có thể tuỳ tình huống, đối tượng mà phản ứng một cách khác nhau | U12: =_xlfn.XLOOKUP(A12, RESPONSES!A:A, RESPONSES!AA:AA) -> Đơn giản là mình sẽ đưa ra quy tắc ai cũng có quyền đưa ra quan điểm của bản thân và khi 1 người nói thì tất cả mọi người còn lại phải cùng nghe và thảo luận, nếu vẫn có người không tôn trọng quan điểm người khác trong nhóm thì đầu tiên mình sẽ tạo chủ đề vui nhộn để giảm bầu không khí “không vui” đó, nếu diễn biến không tốt hơn mình sẽ nghiêm khắc nhắc nhở bạn đó. Đối với các bạn nhút nhát thì mình sẽ khuyến khích, tạo tiếng cười để các bạn ấy mạnh dạn hơn trong các hoạt động. Cuối cùng, công sức, nỗ lực nào cũng đáng được trân trọng nên mình và mn sẽ hoan nghênh những thành quả dù là nhỏ nhất của mỗi thành viên | V12: =_xlfn.XLOOKUP(A12, RESPONSES!A:A, RESPONSES!AB:AB) -> Đầu tiên mình sẽ giải quyết vấn đề đó trước, mất điện-> nhờ trợ giúp( gọi bộ phận kỹ thuật, thợ điện,..),diễn giả đến trễ-> gọi cho họ-> hỏi lí do-> nói với khán giả-> tạo các câu chuyện vui nhộn để kéo dài thời gian-> nếu quá lâu thì chấp nhận huỷ | W12: =_xlfn.XLOOKUP(A12, RESPONSES!A:A, RESPONSES!AC:AC) -> Mạnh dạn hơn trong việc làm việc nhóm, giao tiếp với người khác và có tinh thần tốt hơn | X12: =_xlfn.XLOOKUP(A12, RESPONSES!A:A, RESPONSES!AD:AD) -> Mong BTC nhận emm!!!
A13: 11 | B13: =_xlfn.XLOOKUP(A13, RESPONSES!A:A, RESPONSES!F:F) -> Nguyễn Bảo Trâm | C13: =_xlfn.XLOOKUP(A13, RESPONSES!A:A, RESPONSES!G:G) -> 26522065 | D13: =_xlfn.XLOOKUP(A13, RESPONSES!A:A, RESPONSES!I:I) -> 26522065@gm.uit.edu.vn | E13: =_xlfn.XLOOKUP(A13, RESPONSES!A:A, RESPONSES!J:J) -> TTNT2026 | F13: =_xlfn.XLOOKUP(A13, RESPONSES!A:A, RESPONSES!L:L) -> Mô tả bản thân: thích sự mới mẻ, hòa đồng, ham vui Điểm mạnh: giao tiếp khá, có vài năng khiếu Điểm yếu: ngại đứng trước đám đông | G13: =_xlfn.XLOOKUP(A13, RESPONSES!A:A, RESPONSES!M:M) -> trải nghiệm kĩ năng mới: em tự học quay video vì để nộp bài kỹ năng nghề nghiệp, đó là lần đầu làm video của em. Em thấy kĩ năng này rất cần thiết để tạo ấn tượng với mọi người. Em không thể diễn tả là em đã áp dụng nó cụ thể như nào trong quá khứ vì em mới học làm video. Em nghĩ sau này em sẽ còn luyện làm nhiều video nữa để phục vụ thuyết trình và các mục đích truyền thông, chia sẻ khác | H13: =_xlfn.XLOOKUP(A13, RESPONSES!A:A, RESPONSES!N:N) -> Thứ 2 - Thứ 4 - Thứ 6 | I13: =_xlfn.XLOOKUP(A13, RESPONSES!A:A, RESPONSES!O:O) -> Hệ thống | J13: =_xlfn.XLOOKUP(A13, RESPONSES!A:A, RESPONSES!P:P) -> Em đang học Python thông qua xem video YouTube và làm bài tập trên lớp. | K13: =_xlfn.XLOOKUP(A13, RESPONSES!A:A, RESPONSES!Q:Q) -> dạ định hướng nghề nghiệp của em liên quan đến trí tuệ nhân tạo ạ. Lĩnh vực AI hiện nay rất đa nhiệm, làm ở nhiều mảng và vị trí, làm những công việc mà tưởng như chỉ dành cho con người kể cả lau dọn nhà cửa, nấu ăn, ăn xin, tái hiện ký ức người đã khuất, phân tích dữ liệu, dự đoán xu hướng, mô phỏng hiện tượng tự nhiên, hỗ trợ phẫu thuật, tự động hóa, sáng tác nghệ thuật, hỗ trợ học tập. Lĩnh vực AI đang khát nhân lực chất lượng cao ở việt nam để tạo ra các sản phẩm AI cải thiện đời sống con người và học AI sẽ giúp mình ứng biến linh hoạt và kiểm soát, nâng cấp AI phục vụ con người. | L13: =_xlfn.XLOOKUP(A13, RESPONSES!A:A, RESPONSES!R:R) -> bước 1: tạo group messenger hoặc zalo và add thành viên vào, làm quen nhanh bước 2: họp google meet, nêu ý tưởng về cách xử lý công việc, biểu quyết thống nhất ý tưởng bước 3: sau khi hỏi về năng lực và nguyện vọng của mọi người thì sẽ phân công và tiến hành làm việc bước 4: sau khi hoàn thành công việc, họp google meet để check và chỉnh sửa bước 1 và 2 hoàn thành cố gắng hoàn thành trong 1 ngày bước 3 và 4 hoàn thành trong 4 - 4,5 ngày, có thể đan xen giữa làm task và check chất lượng task khoảng 2 lần. | M13: =_xlfn.XLOOKUP(A13, RESPONSES!A:A, RESPONSES!S:S) -> em muốn học về cách design, vọc vạch các thiết bị để hiểu hơn về cách sử dụng, học khắc phục sự cố kĩ thuật trong các sự kiện | N13: =_xlfn.XLOOKUP(A13, RESPONSES!A:A, RESPONSES!T:T) -> 0 | O13: =_xlfn.XLOOKUP(A13, RESPONSES!A:A, RESPONSES!U:U) -> 0 | P13: =_xlfn.XLOOKUP(A13, RESPONSES!A:A, RESPONSES!V:V) -> 0 | Q13: =_xlfn.XLOOKUP(A13, RESPONSES!A:A, RESPONSES!W:W) -> 0 | R13: =_xlfn.XLOOKUP(A13, RESPONSES!A:A, RESPONSES!X:X) -> 0 | S13: =_xlfn.XLOOKUP(A13, RESPONSES!A:A, RESPONSES!Y:Y) -> 0 | T13: =_xlfn.XLOOKUP(A13, RESPONSES!A:A, RESPONSES!Z:Z) -> 0 | U13: =_xlfn.XLOOKUP(A13, RESPONSES!A:A, RESPONSES!AA:AA) -> 0 | V13: =_xlfn.XLOOKUP(A13, RESPONSES!A:A, RESPONSES!AB:AB) -> 0 | W13: =_xlfn.XLOOKUP(A13, RESPONSES!A:A, RESPONSES!AC:AC) -> em mong bên cạnh việc trải nghiệm công việc của ban hệ thống, em cũng muốn học hỏi vài kỹ năng bên khâu tổ chức sự kiện ạ | X13: =_xlfn.XLOOKUP(A13, RESPONSES!A:A, RESPONSES!AD:AD) -> 0 | Z13: Tính cách thân thiện? Nhưng hướng nội. Mong muốn học hỏi phù hợp với TP. GUD! | AA13: giới thiệu không quá ấn tượng, nhưng định hướng nghề nghiệp khá wow, kiến thức hơi lạc qua bên tt-sk =))
A14: 12 | B14: =_xlfn.XLOOKUP(A14, RESPONSES!A:A, RESPONSES!F:F) -> Hoàng Thị Ngọc Mai | C14: =_xlfn.XLOOKUP(A14, RESPONSES!A:A, RESPONSES!G:G) -> 26521181 | D14: =_xlfn.XLOOKUP(A14, RESPONSES!A:A, RESPONSES!I:I) -> 26521181@gm.uit.edu.vn | E14: =_xlfn.XLOOKUP(A14, RESPONSES!A:A, RESPONSES!J:J) -> HTTT2026 | F14: =_xlfn.XLOOKUP(A14, RESPONSES!A:A, RESPONSES!L:L) -> -Thư giãn, kiên nhẫn, trách nhiệm -Điểm mạnh: biết chịu trách nhiệm với nhiệm vụ của mình, tò mò với kiến thức mới và kiên nhẫn trên chính lựa chọn của chính mình -Điểm yếu: Giao tiếp kém, hơi hấp tấp và thiếu suy nghĩ với việc xảy ra trước mắt khi không có phương án dự phòng | G14: =_xlfn.XLOOKUP(A14, RESPONSES!A:A, RESPONSES!M:M) -> Mình đã học được kĩ năng Brain Dumping (ghi chép tự do) từ 1 người bạn cấp 3, kĩ năng này dạy mình cách viết ra hết những sáng kiến và ý tưởng nảy ra trong đầu mình rồi từ đó mới hiện thực hóa nó, chứ không phải là nghĩ ra rồi để quên nó. Cụ thể, vào một buổi giải bài tập của lớp, khi gặp bài khó, mình suy nghĩ và nghĩ ra nhiều hướng làm bài khác nhau, mình chọn cách viết hết ra note rồi từ những hướng đó để suy ra cách làm đúng và rõ ràng nhất. | H14: =_xlfn.XLOOKUP(A14, RESPONSES!A:A, RESPONSES!N:N) -> Thứ 2 - Thứ 4 - Thứ 6 | I14: =_xlfn.XLOOKUP(A14, RESPONSES!A:A, RESPONSES!O:O) -> Hệ thống | J14: =_xlfn.XLOOKUP(A14, RESPONSES!A:A, RESPONSES!P:P) -> C++ - Mình học trên youtube và cả trên trường - Chưa tham gia project hay cụôc thi học thuật nào nhưng rất muốn thử sức trong tương lai | K14: =_xlfn.XLOOKUP(A14, RESPONSES!A:A, RESPONSES!Q:Q) -> ERP và BA. Muốn làm 2 vị trí này thì phải giỏi cả về phát triển hệ thống lẫn tư duy kinh tế. Mình sẽ là cầu nối giữa IT và khách hàng | L14: =_xlfn.XLOOKUP(A14, RESPONSES!A:A, RESPONSES!R:R) -> Đầu tiên, mình cho rằng việc làm quen và có tương tác là vô cùng quan trọng, mình sẽ để các bạn trong nhóm giới thiệu bản thân, năng lực, phương án đề xuất, góc thắc mắc và công việc mong muốn được làm trong task Từ những thông tin đó, mình sẽ lọc ra được nhiều thông tin hữu ích về từng thành viên trong nhóm, gợi ý nhóm bầu leader và đưa ra bảng tổng hợp thông tin của mình Mình sẽ cho cả nhóm deadline 1 ngày để tìm hiểu sơ bộ về task, nghĩ ra phương án nghiên cứu và những câu hỏi còn thắc mắc, dành thêm nửa ngày để phân công, chốt phương án, giao dealine và cùng nhau giải đáp các thắc mắc của nhau Dealine để tất cả mọi người hoàn thành là ngày 4 ngày rưỡi, 1 ngày còn lại, cả nhóm cùng nhau xem lại, đưa ra ý kiến ( có thể nhờ sự trợ giúp của ac khóa trên hoặc những người có chuyên môn), giải đáp thắc mắc và chỉnh sửa task thật chỉnh chu. | M14: =_xlfn.XLOOKUP(A14, RESPONSES!A:A, RESPONSES!S:S) -> Mong muốn hiểu thêm về cách vận hành hệ thống, làm cách để kiểm soát và code 1 hệ thống, các kiến thức sâu hơn về nó và những kiến thức ngoài luồng có liên quan | N14: =_xlfn.XLOOKUP(A14, RESPONSES!A:A, RESPONSES!T:T) -> 0 | O14: =_xlfn.XLOOKUP(A14, RESPONSES!A:A, RESPONSES!U:U) -> 0 | P14: =_xlfn.XLOOKUP(A14, RESPONSES!A:A, RESPONSES!V:V) -> 0 | Q14: =_xlfn.XLOOKUP(A14, RESPONSES!A:A, RESPONSES!W:W) -> 0 | R14: =_xlfn.XLOOKUP(A14, RESPONSES!A:A, RESPONSES!X:X) -> 0 | S14: =_xlfn.XLOOKUP(A14, RESPONSES!A:A, RESPONSES!Y:Y) -> 0 | T14: =_xlfn.XLOOKUP(A14, RESPONSES!A:A, RESPONSES!Z:Z) -> 0 | U14: =_xlfn.XLOOKUP(A14, RESPONSES!A:A, RESPONSES!AA:AA) -> 0 | V14: =_xlfn.XLOOKUP(A14, RESPONSES!A:A, RESPONSES!AB:AB) -> 0 | W14: =_xlfn.XLOOKUP(A14, RESPONSES!A:A, RESPONSES!AC:AC) -> Có thêm kiến thức, thêm kinh nghiệm, quen nhiều bạn hơn, có kĩ năng mới và nếu may mắn thì sẽ được giúp sức cho các dự án của anh chị. | X14: =_xlfn.XLOOKUP(A14, RESPONSES!A:A, RESPONSES!AD:AD) -> Em rất tò mò và muốn có cơ hội để thử sức trong ban của mình. Câu hỏi: em mới học lập trình từ khi vô trường thì có thể theo kịp với tiến độ bên mình không ạ?. Em cảm ơn | Z14: Chill Girl! Kĩ năng như kiểu cách tư duy, khá ổn. Làm việc nhóm được. GUD! | AA14: khá có triển vọng, potential
A15: 13 | B15: =_xlfn.XLOOKUP(A15, RESPONSES!A:A, RESPONSES!F:F) -> Bùi Mạnh Cường | C15: =_xlfn.XLOOKUP(A15, RESPONSES!A:A, RESPONSES!G:G) -> 26520212 | D15: =_xlfn.XLOOKUP(A15, RESPONSES!A:A, RESPONSES!I:I) -> 26520212@gm.uit.edu.vn | E15: =_xlfn.XLOOKUP(A15, RESPONSES!A:A, RESPONSES!J:J) -> KHMT2026.1 | F15: =_xlfn.XLOOKUP(A15, RESPONSES!A:A, RESPONSES!L:L) -> Tự tin Độc lập Kỷ luật Nhanh nhẹn | G15: =_xlfn.XLOOKUP(A15, RESPONSES!A:A, RESPONSES!M:M) -> Em học được cách tổ chức và xử lí rủi ro khi tổ chức sự kiện từ các anh chị và bạn bè vào những năm học ở bậc thpt | H15: =_xlfn.XLOOKUP(A15, RESPONSES!A:A, RESPONSES!N:N) -> Thứ 2 - Thứ 4 - Thứ 6 | I15: =_xlfn.XLOOKUP(A15, RESPONSES!A:A, RESPONSES!O:O) -> Hệ thống | J15: =_xlfn.XLOOKUP(A15, RESPONSES!A:A, RESPONSES!P:P) -> C/C++ HTML, CSS, Javascript và các framework react và tailwindcss | K15: =_xlfn.XLOOKUP(A15, RESPONSES!A:A, RESPONSES!Q:Q) -> Research AI và software | L15: =_xlfn.XLOOKUP(A15, RESPONSES!A:A, RESPONSES!R:R) -> Đầu tiên em sẽ tìm hiểu mọi người qua tên tuổi và sở thích sao đó là thế mạnh và kiến thức của mọi ngừoi ở các mảng khác nhau. Dựa vào những dữ liệu trên em sẽ phân chia theo từng nhóm nhỏ để xử lí thêm nhiều đầu việc khác. | M15: =_xlfn.XLOOKUP(A15, RESPONSES!A:A, RESPONSES!S:S) -> Dạ em muốn tìm hiểu hết để tìm điểm mạnh | N15: =_xlfn.XLOOKUP(A15, RESPONSES!A:A, RESPONSES!T:T) -> 0 | O15: =_xlfn.XLOOKUP(A15, RESPONSES!A:A, RESPONSES!U:U) -> 0 | P15: =_xlfn.XLOOKUP(A15, RESPONSES!A:A, RESPONSES!V:V) -> 0 | Q15: =_xlfn.XLOOKUP(A15, RESPONSES!A:A, RESPONSES!W:W) -> 0 | R15: =_xlfn.XLOOKUP(A15, RESPONSES!A:A, RESPONSES!X:X) -> 0 | S15: =_xlfn.XLOOKUP(A15, RESPONSES!A:A, RESPONSES!Y:Y) -> 0 | T15: =_xlfn.XLOOKUP(A15, RESPONSES!A:A, RESPONSES!Z:Z) -> 0 | U15: =_xlfn.XLOOKUP(A15, RESPONSES!A:A, RESPONSES!AA:AA) -> 0 | V15: =_xlfn.XLOOKUP(A15, RESPONSES!A:A, RESPONSES!AB:AB) -> 0 | W15: =_xlfn.XLOOKUP(A15, RESPONSES!A:A, RESPONSES!AC:AC) -> Em muốn kết được nhiều bạn và học được nhiều điều hơn về mảng kiến thức mình đang học | X15: =_xlfn.XLOOKUP(A15, RESPONSES!A:A, RESPONSES!AD:AD) -> Em mong sẽ là một phần của Trainee! | Z15: Trả lời nhanh, gọn => Thiếu chiều sâu, và ý. Không có tâm lúc điền form lắm. MID! | AA15: hệ thống mạnh nhen, có kĩ năng tổ chức sk là điểm cộng
A16: 14 | B16: =_xlfn.XLOOKUP(A16, RESPONSES!A:A, RESPONSES!F:F) -> Trịnh Văn Quân | C16: =_xlfn.XLOOKUP(A16, RESPONSES!A:A, RESPONSES!G:G) -> 26521706 | D16: =_xlfn.XLOOKUP(A16, RESPONSES!A:A, RESPONSES!I:I) -> 26521706@gm.uit.edu.vn | E16: =_xlfn.XLOOKUP(A16, RESPONSES!A:A, RESPONSES!J:J) -> KHMT2026.3 | F16: =_xlfn.XLOOKUP(A16, RESPONSES!A:A, RESPONSES!L:L) -> -Em tự định nghĩa bản thân em là một người biết thích nghi với mọi môi trường. -Em nghĩ điểm mạnh nhất của em là tinh thần kiên trì, không ngại khó, luôn muốn vượt qua giới hạn của bản thân đặt ra. -Bên cạnh đó điểm yếu của em có lẽ là việc em chưa chủ động tìm kiếm các cơ hội xung quanh để phát huy hiệu quá tính kiên trì của mình. | G16: =_xlfn.XLOOKUP(A16, RESPONSES!A:A, RESPONSES!M:M) -> Kỹ năng mà em thấy tự hào nhất có lẽ là kỹ năng phân tích và lên kế hoạch trước khi làm một điều gì đó. Cụ thể hoá việc học kỹ năng đó trong quá khứ thì có thể là việc em mời các bạn qua chung cư của em để ăn đồ ăn em nấu và ăn sinh nhật cùng em cho ấm cúng vì em không muốn phải ra quán tổ chức cầu kì, bình thường em cùng ba mẹ ăn ở nhà nhưng năm nay xa nhà nên em phải tự học kĩ năng này. Vì vậy đầu tiên em phân tích ngày và giờ trước và em quyết định chọn ngày chủ nhật vì hôm đấy hầu hết các sinh viên sẽ có thời gian rãnh và chỉ cách ngày sinh nhật em đúng 1 ngày, sau đó là giờ thì sẽ bắt đầu lúc 15h và cần nấu trước để đến 18 19h sẽ ăn và 21h 22h sẽ kết thúc vì sẽ có các bạn nữ đi xe về và các bạn ở kí túc xá về nên em chọn khung giờ sớm để không nguy hiểm và trong đó khung giờ đã chịu ảnh hưởng bởi những ý kiến của các bạn được em mời. Thứ hai là em phân tích mình nên mời những ai, trong đó thứ tự ưu tiên của em là các bạn thân thiết và ở gần mình trước rồi sau đó tới các mối quan hệ ân tình và cuối cùng là các bạn ở xa khá thân, vì căn hộ cũng chỉ sẽ chứa được khoảng 10 đến 12 bạn cùng 1 lúc nên em sẽ cân nhắc để phù hợp và em lọc ra được sẽ mời 12 bạn trong đó có những ngoại lệ là các bạn siêu thân ở xa và các bạn mới cùng phòng của em và và dự trù sẽ có khoảng 2 đến 3 bạn không đi vì sẽ có những bạn bận công việc và các vấn đề về khoảng cách xa về khuya. Cuối cùng là lên thực đơn thì em tham khảo những người có kinh nghiệm từng mời các bạn về nhà ăn thì có như mẹ của em, em có thể hỏi các món như thế nào và định lượng bao nhiêu và sau đó là tham khảo anh của em ở sài gòn về việc mua nguyên liệu ở đâu cho tươi ngon giá cả hợp lí, và tóm lại thì em kế hoạch được là mình cần một con gà để nấu 2 nồi lẩu gà lá é, 2 con cá tai tượng để chiên xù cuốn bánh tráng, 3 kí tôm để luộc và còn lại là rau củ và nước ngọt, trong đó gà, cá, tôm và lá é được đặt trước 1 ngày và ship tới còn rau và nước được em đi chợ trước 15h, cuối cùng là em sẽ học cách nấu các món đó trước 2 3 ngày để đến ngày ấy nấu tốt nhất. Những đã có những sai sót là việc em không kiểm soát được thời gian và để trôi thời gian tới hơn 10h là đến giờ không được làm ồn của chung cư vì vậy em đã bị cảnh cáo và không được tái phạm lần sau nếu không sẽ bị phạt tiền. | H16: =_xlfn.XLOOKUP(A16, RESPONSES!A:A, RESPONSES!N:N) -> Thứ 2 - Thứ 4 - Thứ 6 | I16: =_xlfn.XLOOKUP(A16, RESPONSES!A:A, RESPONSES!O:O) -> Hệ thống | J16: =_xlfn.XLOOKUP(A16, RESPONSES!A:A, RESPONSES!P:P) -> Em đã tiếp xúc với ngôn ngữ lập trình C++. Em đã tự xem video bàn giảng nhập môn lập trình của UIT trên Youtube và học tập theo lộ trình ấy, phương pháp học của em là thực hành ngay khi có kiến thức mới và gõ code thử những thắc mắc trong đầu và các trường hợp đặc biệt mà mình nghĩ ra để tìm kiếm điều mới xem có đúng không, và sau đó là luyện tập các bài tập liên quan đến kiến thức để ghi nhớ sâu sắc hơn. | K16: =_xlfn.XLOOKUP(A16, RESPONSES!A:A, RESPONSES!Q:Q) -> Lĩnh vực em định hướng học tập là Machine Learning Quant Engineer. Hiểu biết của em về lĩnh vực Machine Learning Quant Engineer là mình sẽ xây dựng mô hình học máy để nhận định các mô hình giao dịch rồi từ đó đưa ra các quyết định giao dịch đầu tư tự động, để làm tốt mình cần học tốt các kiến thức toán học, lập trình, deep learning và thị trường tài chính | L16: =_xlfn.XLOOKUP(A16, RESPONSES!A:A, RESPONSES!R:R) -> Ngày 1: Em sẽ cùng nhóm tạo kênh liên lạc, tìm hiểu nhau và đánh giá năng lực riêng của mỗi người, sau đó mọi người sẽ tìm hiểu về tất cả các khía cạnh của task để hiểu mình cần làm gì. Ngày 2: Em sẽ cùng nhóm trao đổi và thống nhất phương pháp xử lí task cho tối ưu nhất, sau đó là phân chia công việc phù hợp tuỳ theo khối lượng và độ khó để xác định số người và cuối cùng là xây dựng timeline cụ thể cho từng phân trước khi triển khai. Ngày 3-4: Triển khai công việc, họp lại sau mỗi ngày để chia sẻ các khó khăn đang gặp phải và tìm phương án giải quyết và cũng như kiểm tra tiến độ của mỗi phần. Ngày 5: Tổng hợp các phần mà mọi người đã làm sau đó thảo luận và đánh giá lại Ngày 6: Chạy thử dự án và tối ưu các phần còn thiếu sót. Ngày 7: Tổng kết sản phẩm và đút kết các kinh nghiệm cho lần sâu | M16: =_xlfn.XLOOKUP(A16, RESPONSES!A:A, RESPONSES!S:S) -> Về tưu duy xử lí vấn đề và tiếp cận các kiến thức chuyên ngành | N16: =_xlfn.XLOOKUP(A16, RESPONSES!A:A, RESPONSES!T:T) -> 0 | O16: =_xlfn.XLOOKUP(A16, RESPONSES!A:A, RESPONSES!U:U) -> 0 | P16: =_xlfn.XLOOKUP(A16, RESPONSES!A:A, RESPONSES!V:V) -> 0 | Q16: =_xlfn.XLOOKUP(A16, RESPONSES!A:A, RESPONSES!W:W) -> 0 | R16: =_xlfn.XLOOKUP(A16, RESPONSES!A:A, RESPONSES!X:X) -> 0 | S16: =_xlfn.XLOOKUP(A16, RESPONSES!A:A, RESPONSES!Y:Y) -> 0 | T16: =_xlfn.XLOOKUP(A16, RESPONSES!A:A, RESPONSES!Z:Z) -> 0 | U16: =_xlfn.XLOOKUP(A16, RESPONSES!A:A, RESPONSES!AA:AA) -> 0 | V16: =_xlfn.XLOOKUP(A16, RESPONSES!A:A, RESPONSES!AB:AB) -> 0 | W16: =_xlfn.XLOOKUP(A16, RESPONSES!A:A, RESPONSES!AC:AC) -> Giao lưu kết bạn, tìm kiếm những kiến thức mới và tìm kiếm một cơ hội mới để giúp bạn thân đi nhanh và xa hơn | X16: =_xlfn.XLOOKUP(A16, RESPONSES!A:A, RESPONSES!AD:AD) -> Ban tổ chức biết ở Trainee Program có gì mà ở nơi khác không có không? Là sắp có được em rồi đấy BTC ơi, hốt em lẹ lẹ i mà pls. | Z16: Tính cách khá ổn. HÀI HƯỚC. Cầu toàn? Quan tâm người khác. Định hướng khá rõ ràng. Làm việc nhóm được. GUD! | AA16: định hướng nghề nghiệp khá bá khí, ấn tượng
A17: 15 | B17: =_xlfn.XLOOKUP(A17, RESPONSES!A:A, RESPONSES!F:F) -> Lê Phú Thịnh | C17: =_xlfn.XLOOKUP(A17, RESPONSES!A:A, RESPONSES!G:G) -> 26521925 | D17: =_xlfn.XLOOKUP(A17, RESPONSES!A:A, RESPONSES!I:I) -> 26521925@gm.uit.edu.vn | E17: =_xlfn.XLOOKUP(A17, RESPONSES!A:A, RESPONSES!J:J) -> KHMT2026.3 | F17: =_xlfn.XLOOKUP(A17, RESPONSES!A:A, RESPONSES!L:L) -> - Từ ngữ: Chính trực - Điểm mạnh: học hỏi nhanh - Điểm yếu: không tự tin với năng lực của mình | G17: =_xlfn.XLOOKUP(A17, RESPONSES!A:A, RESPONSES!M:M) -> Em từng học một lớp hướng dẫn prompt AI hiệu quả và sau lần đó em biết sử dụng AI để học và sáng tạo, ví dụ như dùng AI để ôn thi các môn THPTQG nhất là môn toán | H17: =_xlfn.XLOOKUP(A17, RESPONSES!A:A, RESPONSES!N:N) -> Thứ 2 - Thứ 4 - Thứ 6 | I17: =_xlfn.XLOOKUP(A17, RESPONSES!A:A, RESPONSES!O:O) -> Hệ thống | J17: =_xlfn.XLOOKUP(A17, RESPONSES!A:A, RESPONSES!P:P) -> Em học C++ qua youtube và làm bài tập | K17: =_xlfn.XLOOKUP(A17, RESPONSES!A:A, RESPONSES!Q:Q) -> Máy học và trí tuệ nhân tạo Em chỉ biết một vài kiến thức cơ bản về lĩnh vực này | L17: =_xlfn.XLOOKUP(A17, RESPONSES!A:A, RESPONSES!R:R) -> Kế hoạch của em sẽ là: Giới thiệu/Tìm hiểu năng lực của từng người để phân công, chia nhỏ deadline lớn thành từng deadline quá trình khoảng 1-2 ngày, nếu cần thì tìm sự giúp đỡ từ bên ngoài hoặc kết hợp AI hỗ trợ | M17: =_xlfn.XLOOKUP(A17, RESPONSES!A:A, RESPONSES!S:S) -> Kiến thức mới là được | N17: =_xlfn.XLOOKUP(A17, RESPONSES!A:A, RESPONSES!T:T) -> 0 | O17: =_xlfn.XLOOKUP(A17, RESPONSES!A:A, RESPONSES!U:U) -> 0 | P17: =_xlfn.XLOOKUP(A17, RESPONSES!A:A, RESPONSES!V:V) -> 0 | Q17: =_xlfn.XLOOKUP(A17, RESPONSES!A:A, RESPONSES!W:W) -> 0 | R17: =_xlfn.XLOOKUP(A17, RESPONSES!A:A, RESPONSES!X:X) -> 0 | S17: =_xlfn.XLOOKUP(A17, RESPONSES!A:A, RESPONSES!Y:Y) -> 0 | T17: =_xlfn.XLOOKUP(A17, RESPONSES!A:A, RESPONSES!Z:Z) -> 0 | U17: =_xlfn.XLOOKUP(A17, RESPONSES!A:A, RESPONSES!AA:AA) -> 0 | V17: =_xlfn.XLOOKUP(A17, RESPONSES!A:A, RESPONSES!AB:AB) -> 0 | W17: =_xlfn.XLOOKUP(A17, RESPONSES!A:A, RESPONSES!AC:AC) -> Mong được học thêm nhiều điều mới | X17: =_xlfn.XLOOKUP(A17, RESPONSES!A:A, RESPONSES!AD:AD) -> 0 | Z17: Trả lời hơi ngắn, thiếu chiều sâu. MID! | AA17: hơi ngắn không biết được quá nhiều thông tin
A18: 16 | B18: =_xlfn.XLOOKUP(A18, RESPONSES!A:A, RESPONSES!F:F) -> Dư Định Ngọc | C18: =_xlfn.XLOOKUP(A18, RESPONSES!A:A, RESPONSES!G:G) -> 26521358 | D18: =_xlfn.XLOOKUP(A18, RESPONSES!A:A, RESPONSES!I:I) -> 26521358@gm.uit.edu.vn | E18: =_xlfn.XLOOKUP(A18, RESPONSES!A:A, RESPONSES!J:J) -> KTMT2026.2 | F18: =_xlfn.XLOOKUP(A18, RESPONSES!A:A, RESPONSES!L:L) -> Ham vui - Điểm mạnh: thích sự kiện - Điểm yếu: lười | G18: =_xlfn.XLOOKUP(A18, RESPONSES!A:A, RESPONSES!M:M) -> Học online | H18: =_xlfn.XLOOKUP(A18, RESPONSES!A:A, RESPONSES!N:N) -> Thứ 2 - Thứ 4 - Thứ 6 | I18: =_xlfn.XLOOKUP(A18, RESPONSES!A:A, RESPONSES!O:O) -> Truyền thông - Sự kiện | J18: =_xlfn.XLOOKUP(A18, RESPONSES!A:A, RESPONSES!P:P) -> 0 | K18: =_xlfn.XLOOKUP(A18, RESPONSES!A:A, RESPONSES!Q:Q) -> 0 | L18: =_xlfn.XLOOKUP(A18, RESPONSES!A:A, RESPONSES!R:R) -> 0 | M18: =_xlfn.XLOOKUP(A18, RESPONSES!A:A, RESPONSES!S:S) -> 0 | N18: =_xlfn.XLOOKUP(A18, RESPONSES!A:A, RESPONSES!T:T) -> Graphic design;Photography | O18: =_xlfn.XLOOKUP(A18, RESPONSES!A:A, RESPONSES!U:U) -> Newbie | P18: =_xlfn.XLOOKUP(A18, RESPONSES!A:A, RESPONSES!V:V) -> Máy ảnh kĩ thuật số (DSLR/Mirrorless) | Q18: =_xlfn.XLOOKUP(A18, RESPONSES!A:A, RESPONSES!W:W) -> 0 | R18: =_xlfn.XLOOKUP(A18, RESPONSES!A:A, RESPONSES!X:X) -> Pinterest | S18: =_xlfn.XLOOKUP(A18, RESPONSES!A:A, RESPONSES!Y:Y) -> Bảo người đó chứng minh ý tưởng của mình không hiệu quả | T18: =_xlfn.XLOOKUP(A18, RESPONSES!A:A, RESPONSES!Z:Z) -> Dù ở vị trí nào cũng cố gắng làm tốt. Vị trí leader đã có kinh nghiệm qua các dự án nhỏm | U18: =_xlfn.XLOOKUP(A18, RESPONSES!A:A, RESPONSES!AA:AA) -> Thông báo chung, bàn luận chung và cho vote để xem xét đưa ra quyết định cuối cùng | V18: =_xlfn.XLOOKUP(A18, RESPONSES!A:A, RESPONSES!AB:AB) -> Câu giờ. Bản thân hoặc chỉ định 1 thành viên khác lên sân khấu làm quản trò, điều khiển các game giải trí | W18: =_xlfn.XLOOKUP(A18, RESPONSES!A:A, RESPONSES!AC:AC) -> Không có | X18: =_xlfn.XLOOKUP(A18, RESPONSES!A:A, RESPONSES!AD:AD) -> Không có
A19: 17 | B19: =_xlfn.XLOOKUP(A19, RESPONSES!A:A, RESPONSES!F:F) -> Lê Nhật Quang | C19: =_xlfn.XLOOKUP(A19, RESPONSES!A:A, RESPONSES!G:G) -> 26521714 | D19: =_xlfn.XLOOKUP(A19, RESPONSES!A:A, RESPONSES!I:I) -> 26521714@gm.uit.edu.vn | E19: =_xlfn.XLOOKUP(A19, RESPONSES!A:A, RESPONSES!J:J) -> ATTT2026.3 | F19: =_xlfn.XLOOKUP(A19, RESPONSES!A:A, RESPONSES!L:L) -> -Trầm tính -Điểm mạnh:Nhảy số nhanh trong một số trường hợp -Điểm yếu:Trình bày ý kiến kém | G19: =_xlfn.XLOOKUP(A19, RESPONSES!A:A, RESPONSES!M:M) -> Học được cách cài win trên mạng và tự áp dụng cho máy tính của mình | H19: =_xlfn.XLOOKUP(A19, RESPONSES!A:A, RESPONSES!N:N) -> Thứ 2 - Thứ 4 - Thứ 6 | I19: =_xlfn.XLOOKUP(A19, RESPONSES!A:A, RESPONSES!O:O) -> Hệ thống | J19: =_xlfn.XLOOKUP(A19, RESPONSES!A:A, RESPONSES!P:P) -> C++ và Python .Tiếp cận qua các bài tập | K19: =_xlfn.XLOOKUP(A19, RESPONSES!A:A, RESPONSES!Q:Q) -> Bảo mật hệ thống web và ứng dụng | L19: =_xlfn.XLOOKUP(A19, RESPONSES!A:A, RESPONSES!R:R) -> Chia nhỏ từng phần cho mỗi người tự làm trước khoảng 2-3 ngày sau đó thảo luận chung và chỉnh sửa với các ngày còn lại | M19: =_xlfn.XLOOKUP(A19, RESPONSES!A:A, RESPONSES!S:S) -> Kiến thức về kiểm soát dữ liệu | N19: =_xlfn.XLOOKUP(A19, RESPONSES!A:A, RESPONSES!T:T) -> 0 | O19: =_xlfn.XLOOKUP(A19, RESPONSES!A:A, RESPONSES!U:U) -> 0 | P19: =_xlfn.XLOOKUP(A19, RESPONSES!A:A, RESPONSES!V:V) -> 0 | Q19: =_xlfn.XLOOKUP(A19, RESPONSES!A:A, RESPONSES!W:W) -> 0 | R19: =_xlfn.XLOOKUP(A19, RESPONSES!A:A, RESPONSES!X:X) -> 0 | S19: =_xlfn.XLOOKUP(A19, RESPONSES!A:A, RESPONSES!Y:Y) -> 0 | T19: =_xlfn.XLOOKUP(A19, RESPONSES!A:A, RESPONSES!Z:Z) -> 0 | U19: =_xlfn.XLOOKUP(A19, RESPONSES!A:A, RESPONSES!AA:AA) -> 0 | V19: =_xlfn.XLOOKUP(A19, RESPONSES!A:A, RESPONSES!AB:AB) -> 0 | W19: =_xlfn.XLOOKUP(A19, RESPONSES!A:A, RESPONSES!AC:AC) -> Học hỏi thêm kiến thức và kĩ năng | X19: =_xlfn.XLOOKUP(A19, RESPONSES!A:A, RESPONSES!AD:AD) -> 0 | Z19: Trả lời hơi ngắn, thiếu chiều sâu. Định hướng khác CS. BAD! | AA19: khác định hướng vói cs nhma cũng là nhân tố khá lạ cho cs và tp???
A20: 18 | B20: =_xlfn.XLOOKUP(A20, RESPONSES!A:A, RESPONSES!F:F) -> Vũ Minh Khoa | C20: =_xlfn.XLOOKUP(A20, RESPONSES!A:A, RESPONSES!G:G) -> 26520965 | D20: =_xlfn.XLOOKUP(A20, RESPONSES!A:A, RESPONSES!I:I) -> 26520965@gm.uit.edu.vn | E20: =_xlfn.XLOOKUP(A20, RESPONSES!A:A, RESPONSES!J:J) -> KHMT2026.2 | F20: =_xlfn.XLOOKUP(A20, RESPONSES!A:A, RESPONSES!L:L) -> - Bá khí - Học nhanh (chắc vậy) - Ham ăn lười làm | G20: =_xlfn.XLOOKUP(A20, RESPONSES!A:A, RESPONSES!M:M) -> Tự học HTML, CSS lên trường làm web lùa bạn. | H20: =_xlfn.XLOOKUP(A20, RESPONSES!A:A, RESPONSES!N:N) -> Thứ 3 - Thứ 5 - Thứ 7 | I20: =_xlfn.XLOOKUP(A20, RESPONSES!A:A, RESPONSES!O:O) -> Hệ thống | J20: =_xlfn.XLOOKUP(A20, RESPONSES!A:A, RESPONSES!P:P) -> C++, từng làm bài tập | K20: =_xlfn.XLOOKUP(A20, RESPONSES!A:A, RESPONSES!Q:Q) -> Phát triển công nghệ phần mềm | L20: =_xlfn.XLOOKUP(A20, RESPONSES!A:A, RESPONSES!R:R) -> Đầu tiên, nhóm họp nhanh 15 phút để phân chia công việc theo thế mạnh từng người và chốt tiêu chí đầu ra, sau đó dành 2 ngày đầu tìm kiếm tài liệu/mẫu có sẵn để lập khung giải pháp. Tiếp theo, mỗi cá nhân tự thực thi phần việc riêng kết hợp check-in ngắn 10 phút mỗi ngày để gỡ vướng, cuối cùng gom sản phẩm lại review chéo, sửa lỗi và hoàn thiện bản cuối để nộp đúng hạn. | M20: =_xlfn.XLOOKUP(A20, RESPONSES!A:A, RESPONSES!S:S) -> Python | N20: =_xlfn.XLOOKUP(A20, RESPONSES!A:A, RESPONSES!T:T) -> 0 | O20: =_xlfn.XLOOKUP(A20, RESPONSES!A:A, RESPONSES!U:U) -> 0 | P20: =_xlfn.XLOOKUP(A20, RESPONSES!A:A, RESPONSES!V:V) -> 0 | Q20: =_xlfn.XLOOKUP(A20, RESPONSES!A:A, RESPONSES!W:W) -> 0 | R20: =_xlfn.XLOOKUP(A20, RESPONSES!A:A, RESPONSES!X:X) -> 0 | S20: =_xlfn.XLOOKUP(A20, RESPONSES!A:A, RESPONSES!Y:Y) -> 0 | T20: =_xlfn.XLOOKUP(A20, RESPONSES!A:A, RESPONSES!Z:Z) -> 0 | U20: =_xlfn.XLOOKUP(A20, RESPONSES!A:A, RESPONSES!AA:AA) -> 0 | V20: =_xlfn.XLOOKUP(A20, RESPONSES!A:A, RESPONSES!AB:AB) -> 0 | W20: =_xlfn.XLOOKUP(A20, RESPONSES!A:A, RESPONSES!AC:AC) -> Học thêm nhiều kỹ năng mới | X20: =_xlfn.XLOOKUP(A20, RESPONSES!A:A, RESPONSES!AD:AD) -> Không Ok | Z20: Đánh giá sau... MID! | AA20: =))) bá khí nhưng trả lời quá ngắn, không quá chú tâm vào điền form, và cũng hơi cợt nhả
A21: 19 | B21: =_xlfn.XLOOKUP(A21, RESPONSES!A:A, RESPONSES!F:F) -> Nguyễn Thành Đạt | C21: =_xlfn.XLOOKUP(A21, RESPONSES!A:A, RESPONSES!G:G) -> 26520290 | D21: =_xlfn.XLOOKUP(A21, RESPONSES!A:A, RESPONSES!I:I) -> 26520290@gm.uit.edu.vn | E21: =_xlfn.XLOOKUP(A21, RESPONSES!A:A, RESPONSES!J:J) -> KHMT2026.1 | F21: =_xlfn.XLOOKUP(A21, RESPONSES!A:A, RESPONSES!L:L) -> -Bình thường. -Điểm mạnh: chịu khó -Điểm yếu: hơi rụt rè với những điều mới mẻ. | G21: =_xlfn.XLOOKUP(A21, RESPONSES!A:A, RESPONSES!M:M) -> Đa phần mình học hỏi một điều gì đó mới mẻ thông qua người khác. Mình đã học được rất nhiều điều từ những người xung quanh mình, và những điều mình thấy trong cuộc sống thường nhật. Cụ thể, mình đã học kĩ năng bắt chuyện với người lạ từ bạn cấp 3 và sau khi lên đại học mình đã áp dụng kĩ năng này để hỏi những người xung quanh về những điều mình chưa hiểu rõ. | H21: =_xlfn.XLOOKUP(A21, RESPONSES!A:A, RESPONSES!N:N) -> Thứ 2 - Thứ 4 - Thứ 6 | I21: =_xlfn.XLOOKUP(A21, RESPONSES!A:A, RESPONSES!O:O) -> Hệ thống | J21: =_xlfn.XLOOKUP(A21, RESPONSES!A:A, RESPONSES!P:P) -> Em tiếp xúc với ngôn ngữ lập trình python thông qua môn tin học cấp 3 | K21: =_xlfn.XLOOKUP(A21, RESPONSES!A:A, RESPONSES!Q:Q) -> chưa có | L21: =_xlfn.XLOOKUP(A21, RESPONSES!A:A, RESPONSES!R:R) -> ngày đầu tiên mình cho mọi người tự giới thiệu về bản thân trước để làm quen, tìm hiểu ưu và nhược điểm của mọi người. Sau đó, mình phân công theo ưu, nhược điểm của từng người. Timeline là 4 ngày, 2 ngày cuối em dùng để chỉnh sửa lại. Phương pháp nghiên cứu em chọn là xem các nguồn tài liệu từ các wedsite như youtube, các hội nhóm liên quan,... đồng thời tiềm kiếm sách trên thư viện. | M21: =_xlfn.XLOOKUP(A21, RESPONSES!A:A, RESPONSES!S:S) -> Em không phaỉ là 1 học sinh chuyên Tin ở cấp 3, nên em muốn biết những kiến thức tin học cơ bản. | N21: =_xlfn.XLOOKUP(A21, RESPONSES!A:A, RESPONSES!T:T) -> 0 | O21: =_xlfn.XLOOKUP(A21, RESPONSES!A:A, RESPONSES!U:U) -> 0 | P21: =_xlfn.XLOOKUP(A21, RESPONSES!A:A, RESPONSES!V:V) -> 0 | Q21: =_xlfn.XLOOKUP(A21, RESPONSES!A:A, RESPONSES!W:W) -> 0 | R21: =_xlfn.XLOOKUP(A21, RESPONSES!A:A, RESPONSES!X:X) -> 0 | S21: =_xlfn.XLOOKUP(A21, RESPONSES!A:A, RESPONSES!Y:Y) -> 0 | T21: =_xlfn.XLOOKUP(A21, RESPONSES!A:A, RESPONSES!Z:Z) -> 0 | U21: =_xlfn.XLOOKUP(A21, RESPONSES!A:A, RESPONSES!AA:AA) -> 0 | V21: =_xlfn.XLOOKUP(A21, RESPONSES!A:A, RESPONSES!AB:AB) -> 0 | W21: =_xlfn.XLOOKUP(A21, RESPONSES!A:A, RESPONSES!AC:AC) -> Học hỏi thêm được những kĩ năng mới và kiến thức sơ cấp của tin học | X21: =_xlfn.XLOOKUP(A21, RESPONSES!A:A, RESPONSES!AD:AD) -> Em là 1 trang giấy trắng nên em mong mọi người có thể giúp vượt qua được thời gian newbie. | Z21: Đánh giá sau... GUD! | AA21: khá an toàn? học còn thụ động qua người khác không phù hợp lắm
A22: 20 | B22: =_xlfn.XLOOKUP(A22, RESPONSES!A:A, RESPONSES!F:F) -> Phan Văn Minh Tiến | C22: =_xlfn.XLOOKUP(A22, RESPONSES!A:A, RESPONSES!G:G) -> 26522024 | D22: =_xlfn.XLOOKUP(A22, RESPONSES!A:A, RESPONSES!I:I) -> 26522024@gm.uit.edu.vn | E22: =_xlfn.XLOOKUP(A22, RESPONSES!A:A, RESPONSES!J:J) -> MMTT2026.3 | F22: =_xlfn.XLOOKUP(A22, RESPONSES!A:A, RESPONSES!L:L) -> -Thích nói chuyện -Cũng khá tự tin - Hơi nghĩ nhiều ạ | G22: =_xlfn.XLOOKUP(A22, RESPONSES!A:A, RESPONSES!M:M) -> Kỹ năng xem xe bus, qua GG map, hồi đó em với vào HCM nên chưa biết gì hết, có anh UIT khóa 2024 giúp em. Nên từ đó em đựng đợi là bật GG map . | H22: =_xlfn.XLOOKUP(A22, RESPONSES!A:A, RESPONSES!N:N) -> Thứ 3 - Thứ 5 - Thứ 7 | I22: =_xlfn.XLOOKUP(A22, RESPONSES!A:A, RESPONSES!O:O) -> Hệ thống | J22: =_xlfn.XLOOKUP(A22, RESPONSES!A:A, RESPONSES!P:P) -> Em mới biết về lập trình C++ gần đây | K22: =_xlfn.XLOOKUP(A22, RESPONSES!A:A, RESPONSES!Q:Q) -> Devops, hạ tầng mạng, Cloud,.... quản trị hạ tầng mạng, server, vận hành đám mây | L22: =_xlfn.XLOOKUP(A22, RESPONSES!A:A, RESPONSES!R:R) -> Tìm hiểu sơ về năng lực các bạn, đưa ra khung thời gian của từng bạn rảnh, cùng nhau nghiên cứu trên mạng, phan công | M22: =_xlfn.XLOOKUP(A22, RESPONSES!A:A, RESPONSES!S:S) -> E mong muốn được tìm hiểu kiến thức về lập trình, các môn Toán cao cấp, kỹ năng thực tiễn ứng nghề nghiệp | N22: =_xlfn.XLOOKUP(A22, RESPONSES!A:A, RESPONSES!T:T) -> 0 | O22: =_xlfn.XLOOKUP(A22, RESPONSES!A:A, RESPONSES!U:U) -> 0 | P22: =_xlfn.XLOOKUP(A22, RESPONSES!A:A, RESPONSES!V:V) -> 0 | Q22: =_xlfn.XLOOKUP(A22, RESPONSES!A:A, RESPONSES!W:W) -> 0 | R22: =_xlfn.XLOOKUP(A22, RESPONSES!A:A, RESPONSES!X:X) -> 0 | S22: =_xlfn.XLOOKUP(A22, RESPONSES!A:A, RESPONSES!Y:Y) -> 0 | T22: =_xlfn.XLOOKUP(A22, RESPONSES!A:A, RESPONSES!Z:Z) -> 0 | U22: =_xlfn.XLOOKUP(A22, RESPONSES!A:A, RESPONSES!AA:AA) -> 0 | V22: =_xlfn.XLOOKUP(A22, RESPONSES!A:A, RESPONSES!AB:AB) -> 0 | W22: =_xlfn.XLOOKUP(A22, RESPONSES!A:A, RESPONSES!AC:AC) -> Được tham gia các buổi trainer về học tập như chuẩn bị thi giữa kì, cuối kì..... | X22: =_xlfn.XLOOKUP(A22, RESPONSES!A:A, RESPONSES!AD:AD) -> Nếu e bận quá thì e xin nghỉ nha | Z22: Đánh giá sau... BAD! | AA22: không phù hợp với tp và cs
A23: 21 | B23: =_xlfn.XLOOKUP(A23, RESPONSES!A:A, RESPONSES!F:F) -> Nguyễn Thục Nghi | C23: =_xlfn.XLOOKUP(A23, RESPONSES!A:A, RESPONSES!G:G) -> 26521345 | D23: =_xlfn.XLOOKUP(A23, RESPONSES!A:A, RESPONSES!I:I) -> 26521345@gm.uit.edu.vn | E23: =_xlfn.XLOOKUP(A23, RESPONSES!A:A, RESPONSES!J:J) -> KHMT2026.2 | F23: =_xlfn.XLOOKUP(A23, RESPONSES!A:A, RESPONSES!L:L) -> Không biết làm nhưng vẫn làm Thích trải nghiệm Ngu ngơ vì uit toàn người lạ | G23: =_xlfn.XLOOKUP(A23, RESPONSES!A:A, RESPONSES!M:M) -> Trong 1 lần về quê thì mk được tập chơi bóng bàn cùng anh họ, dù đang tập tiếp xúc bóng thôi nhưng mk thấy ổng vuốt bóng xoáy khá thú vị nên đã quan sát để bắt chước. Và ...uhm... nếu điều khiển được bóng cuộn theo ý mình thì bóng đánh ra khá nhanh và khó đoán. Bằng kĩ năng đó thì mình chơi hay hơn hẳn những người đánh cùng và mình thấy rất vui vì điều đó | H23: =_xlfn.XLOOKUP(A23, RESPONSES!A:A, RESPONSES!N:N) -> Thứ 2 - Thứ 4 - Thứ 6 | I23: =_xlfn.XLOOKUP(A23, RESPONSES!A:A, RESPONSES!O:O) -> Hệ thống | J23: =_xlfn.XLOOKUP(A23, RESPONSES!A:A, RESPONSES!P:P) -> C++ : học nhập môn lập trình ở lớp Python : tự học theo google course | K23: =_xlfn.XLOOKUP(A23, RESPONSES!A:A, RESPONSES!Q:Q) -> - Công nghệ phần mềm - Vì xu hướng hiện nay đang chuyển từ Nghiên cứu AI sang ứng dụng AI và tích hợp. Hầu hết các web/app hiện nay (từ Thương mại điện tử, Tài chính, Y tế đến Quản lý doanh nghiệp) đều đang sử dụng Chatbot, tự động hóa quy trình, dự báo dữ liệu, và nhận diện sinh trắc học. | L23: =_xlfn.XLOOKUP(A23, RESPONSES!A:A, RESPONSES!R:R) -> Đầu tiên em sẽ họp làm quen để hiểu biết năng lực và cách làm việc của mỗi người, sau đó nghiên cứu vấn đề để tham khảo các ý kiến chốt hướng giải pháp. Từ thông tin trên chia task cho mn và nộp trước deadline 1 ngày để có thể phản biện, chỉnh sửa và tối ưu trước khi nộp | M23: =_xlfn.XLOOKUP(A23, RESPONSES!A:A, RESPONSES!S:S) -> Tối ưu cơ sở dữ liệu | N23: =_xlfn.XLOOKUP(A23, RESPONSES!A:A, RESPONSES!T:T) -> 0 | O23: =_xlfn.XLOOKUP(A23, RESPONSES!A:A, RESPONSES!U:U) -> 0 | P23: =_xlfn.XLOOKUP(A23, RESPONSES!A:A, RESPONSES!V:V) -> 0 | Q23: =_xlfn.XLOOKUP(A23, RESPONSES!A:A, RESPONSES!W:W) -> 0 | R23: =_xlfn.XLOOKUP(A23, RESPONSES!A:A, RESPONSES!X:X) -> 0 | S23: =_xlfn.XLOOKUP(A23, RESPONSES!A:A, RESPONSES!Y:Y) -> 0 | T23: =_xlfn.XLOOKUP(A23, RESPONSES!A:A, RESPONSES!Z:Z) -> 0 | U23: =_xlfn.XLOOKUP(A23, RESPONSES!A:A, RESPONSES!AA:AA) -> 0 | V23: =_xlfn.XLOOKUP(A23, RESPONSES!A:A, RESPONSES!AB:AB) -> 0 | W23: =_xlfn.XLOOKUP(A23, RESPONSES!A:A, RESPONSES!AC:AC) -> Thử học nhiều điều mới về chuyên môn ngành | X23: =_xlfn.XLOOKUP(A23, RESPONSES!A:A, RESPONSES!AD:AD) -> 0 | Z23: Đánh giá sau... GUD! | AA23: hơi lạc đề, định hướng ok? nhưng không phù hợp với ctr lắm
A24: 22 | B24: =_xlfn.XLOOKUP(A24, RESPONSES!A:A, RESPONSES!F:F) -> Trần Quang Minh | C24: =_xlfn.XLOOKUP(A24, RESPONSES!A:A, RESPONSES!G:G) -> 26521268 | D24: =_xlfn.XLOOKUP(A24, RESPONSES!A:A, RESPONSES!I:I) -> 26521268@gm.uit.edu.vn | E24: =_xlfn.XLOOKUP(A24, RESPONSES!A:A, RESPONSES!J:J) -> KTMT2026.2 | F24: =_xlfn.XLOOKUP(A24, RESPONSES!A:A, RESPONSES!L:L) -> -Có trách nhiệm, luôn cố gắng hoàn thành tốt công việc. -Hòa đồng, thân thiện và biết lắng nghe người khác. -Có tinh thần học hỏi, luôn muốn hoàn thiện bản thân. -Đôi khi còn thiếu tự tin khi phát biểu trước đám đông. -Khả năng quản lý thời gian chưa tốt. -Thỉnh thoảng suy nghĩ quá nhiều khi đưa ra quyết định. -Đôi lúc còn thụ động trong những tình huống mới | G24: =_xlfn.XLOOKUP(A24, RESPONSES!A:A, RESPONSES!M:M) -> Em từng học được kỹ năng làm việc nhóm thông qua các bài tập và dự án ở trường. Ban đầu, em còn khá lúng túng trong việc phân chia công việc và trao đổi ý kiến với các thành viên. Sau đó, em học cách lắng nghe, sắp xếp nhiệm vụ và phối hợp với mọi người. Em đã áp dụng kỹ năng này vào một bài thuyết trình nhóm, giúp cả nhóm hoàn thành công việc đúng thời hạn và đạt kết quả tốt. Qua trải nghiệm đó, em nhận ra rằng làm việc nhóm hiệu quả cần có sự giao tiếp, tinh thần trách nhiệm và hỗ trợ lẫn nhau | H24: =_xlfn.XLOOKUP(A24, RESPONSES!A:A, RESPONSES!N:N) -> Thứ 2 - Thứ 4 - Thứ 6 | I24: =_xlfn.XLOOKUP(A24, RESPONSES!A:A, RESPONSES!O:O) -> Hệ thống | J24: =_xlfn.XLOOKUP(A24, RESPONSES!A:A, RESPONSES!P:P) -> C++ làm bài tập trên lớp | K24: =_xlfn.XLOOKUP(A24, RESPONSES!A:A, RESPONSES!Q:Q) -> Phát triển game | L24: =_xlfn.XLOOKUP(A24, RESPONSES!A:A, RESPONSES!R:R) -> Ngày 1: Làm quen với các thành viên, trao đổi để tìm hiểu điểm mạnh, kinh nghiệm và khả năng của từng người, đồng thời xác định mục tiêu và yêu cầu của task. Ngày 2: Cùng nhau tìm hiểu thông tin, nghiên cứu tài liệu từ các nguồn đáng tin cậy và tham khảo những cách giải quyết tương tự. Ngày 3: Dựa vào năng lực của từng thành viên để phân chia công việc phù hợp, thống nhất cách làm và thời hạn hoàn thành từng phần. Ngày 4–5: Các thành viên thực hiện nhiệm vụ được giao, thường xuyên cập nhật tiến độ và hỗ trợ nhau khi gặp khó khăn. Ngày 6: Tổng hợp kết quả, kiểm tra chất lượng, chỉnh sửa những phần chưa hợp lý và xin ý kiến đóng góp từ các thành viên. Ngày 7: Hoàn thiện sản phẩm cuối cùng, rà soát lần cuối và chuẩn bị báo cáo hoặc thuyết trình kết quả. | M24: =_xlfn.XLOOKUP(A24, RESPONSES!A:A, RESPONSES!S:S) -> Lập trình thi đấu | N24: =_xlfn.XLOOKUP(A24, RESPONSES!A:A, RESPONSES!T:T) -> 0 | O24: =_xlfn.XLOOKUP(A24, RESPONSES!A:A, RESPONSES!U:U) -> 0 | P24: =_xlfn.XLOOKUP(A24, RESPONSES!A:A, RESPONSES!V:V) -> 0 | Q24: =_xlfn.XLOOKUP(A24, RESPONSES!A:A, RESPONSES!W:W) -> 0 | R24: =_xlfn.XLOOKUP(A24, RESPONSES!A:A, RESPONSES!X:X) -> 0 | S24: =_xlfn.XLOOKUP(A24, RESPONSES!A:A, RESPONSES!Y:Y) -> 0 | T24: =_xlfn.XLOOKUP(A24, RESPONSES!A:A, RESPONSES!Z:Z) -> 0 | U24: =_xlfn.XLOOKUP(A24, RESPONSES!A:A, RESPONSES!AA:AA) -> 0 | V24: =_xlfn.XLOOKUP(A24, RESPONSES!A:A, RESPONSES!AB:AB) -> 0 | W24: =_xlfn.XLOOKUP(A24, RESPONSES!A:A, RESPONSES!AC:AC) -> Thêm được nhiều kiến thức | X24: =_xlfn.XLOOKUP(A24, RESPONSES!A:A, RESPONSES!AD:AD) -> Mở nhiều hoạt động | Z24: Đánh giá sau... GUD! | AA24: ok nhưng định hướng k phù hợp lắm với tp
A25: 23 | B25: =_xlfn.XLOOKUP(A25, RESPONSES!A:A, RESPONSES!F:F) -> Nguyễn Minh Quân | C25: =_xlfn.XLOOKUP(A25, RESPONSES!A:A, RESPONSES!G:G) -> 26521694 | D25: =_xlfn.XLOOKUP(A25, RESPONSES!A:A, RESPONSES!I:I) -> 26521694@gm.uit.edu.vn | E25: =_xlfn.XLOOKUP(A25, RESPONSES!A:A, RESPONSES!J:J) -> KHMT2026.3 | F25: =_xlfn.XLOOKUP(A25, RESPONSES!A:A, RESPONSES!L:L) -> . | G25: =_xlfn.XLOOKUP(A25, RESPONSES!A:A, RESPONSES!M:M) -> . | H25: =_xlfn.XLOOKUP(A25, RESPONSES!A:A, RESPONSES!N:N) -> Thứ 2 - Thứ 4 - Thứ 6 | I25: =_xlfn.XLOOKUP(A25, RESPONSES!A:A, RESPONSES!O:O) -> Truyền thông - Sự kiện | J25: =_xlfn.XLOOKUP(A25, RESPONSES!A:A, RESPONSES!P:P) -> 0 | K25: =_xlfn.XLOOKUP(A25, RESPONSES!A:A, RESPONSES!Q:Q) -> 0 | L25: =_xlfn.XLOOKUP(A25, RESPONSES!A:A, RESPONSES!R:R) -> 0 | M25: =_xlfn.XLOOKUP(A25, RESPONSES!A:A, RESPONSES!S:S) -> 0 | N25: =_xlfn.XLOOKUP(A25, RESPONSES!A:A, RESPONSES!T:T) -> Video | O25: =_xlfn.XLOOKUP(A25, RESPONSES!A:A, RESPONSES!U:U) -> . | P25: =_xlfn.XLOOKUP(A25, RESPONSES!A:A, RESPONSES!V:V) -> Máy ảnh kĩ thuật số (DSLR/Mirrorless) | Q25: =_xlfn.XLOOKUP(A25, RESPONSES!A:A, RESPONSES!W:W) -> . | R25: =_xlfn.XLOOKUP(A25, RESPONSES!A:A, RESPONSES!X:X) -> . | S25: =_xlfn.XLOOKUP(A25, RESPONSES!A:A, RESPONSES!Y:Y) -> . | T25: =_xlfn.XLOOKUP(A25, RESPONSES!A:A, RESPONSES!Z:Z) -> . | U25: =_xlfn.XLOOKUP(A25, RESPONSES!A:A, RESPONSES!AA:AA) -> . | V25: =_xlfn.XLOOKUP(A25, RESPONSES!A:A, RESPONSES!AB:AB) -> . | W25: =_xlfn.XLOOKUP(A25, RESPONSES!A:A, RESPONSES!AC:AC) -> . | X25: =_xlfn.XLOOKUP(A25, RESPONSES!A:A, RESPONSES!AD:AD) -> .
A26: 24 | B26: =_xlfn.XLOOKUP(A26, RESPONSES!A:A, RESPONSES!F:F) -> Hồ Quang Vinh | C26: =_xlfn.XLOOKUP(A26, RESPONSES!A:A, RESPONSES!G:G) -> 26522265 | D26: =_xlfn.XLOOKUP(A26, RESPONSES!A:A, RESPONSES!I:I) -> 26522265@gm.uit.edu.vn | E26: =_xlfn.XLOOKUP(A26, RESPONSES!A:A, RESPONSES!J:J) -> KHMT2026.3 | F26: =_xlfn.XLOOKUP(A26, RESPONSES!A:A, RESPONSES!L:L) -> - Thích nghi và linh hoạt. - Điểm mạnh: không ngại khó khi học điều gì mới mà mình muốn - Điểm yếu: Ngại trước đám đông | G26: =_xlfn.XLOOKUP(A26, RESPONSES!A:A, RESPONSES!M:M) -> nhìn người khác bơi dần dần học theo, học cách nằm trên mặt nước qua người anh. áp dụng mỗi khi đi tắm biển để có trải nghiệm tuyệt hơn | H26: =_xlfn.XLOOKUP(A26, RESPONSES!A:A, RESPONSES!N:N) -> Thứ 3 - Thứ 5 - Thứ 7 | I26: =_xlfn.XLOOKUP(A26, RESPONSES!A:A, RESPONSES!O:O) -> Hệ thống | J26: =_xlfn.XLOOKUP(A26, RESPONSES!A:A, RESPONSES!P:P) -> - C++, Pascal trên trường, đại học và tự học Python - học qua mạng và các cuộc thi | K26: =_xlfn.XLOOKUP(A26, RESPONSES!A:A, RESPONSES!Q:Q) -> Chưa có | L26: =_xlfn.XLOOKUP(A26, RESPONSES!A:A, RESPONSES!R:R) -> Đầu tiên là làm quen để thuận tiện trong giao tiếp và chắc hẳn sẽ cần một lãnh đạo. riêng bản thân mình sẽ tìm hiểu về công việc qua AI và thông tin trên mạng. sau đó xem năng lực của mình để thảo luận và chọn phần phù hợp với công việc. Sau đó vừa làm vừa báo cáo để tránh sai sót và đồng bộ với dữ liệu mà các thành viên khác đang làm | M26: =_xlfn.XLOOKUP(A26, RESPONSES!A:A, RESPONSES!S:S) -> hệ thống máy tính, lập trình | N26: =_xlfn.XLOOKUP(A26, RESPONSES!A:A, RESPONSES!T:T) -> 0 | O26: =_xlfn.XLOOKUP(A26, RESPONSES!A:A, RESPONSES!U:U) -> 0 | P26: =_xlfn.XLOOKUP(A26, RESPONSES!A:A, RESPONSES!V:V) -> 0 | Q26: =_xlfn.XLOOKUP(A26, RESPONSES!A:A, RESPONSES!W:W) -> 0 | R26: =_xlfn.XLOOKUP(A26, RESPONSES!A:A, RESPONSES!X:X) -> 0 | S26: =_xlfn.XLOOKUP(A26, RESPONSES!A:A, RESPONSES!Y:Y) -> 0 | T26: =_xlfn.XLOOKUP(A26, RESPONSES!A:A, RESPONSES!Z:Z) -> 0 | U26: =_xlfn.XLOOKUP(A26, RESPONSES!A:A, RESPONSES!AA:AA) -> 0 | V26: =_xlfn.XLOOKUP(A26, RESPONSES!A:A, RESPONSES!AB:AB) -> 0 | W26: =_xlfn.XLOOKUP(A26, RESPONSES!A:A, RESPONSES!AC:AC) -> một trải nghiệm, kiến thức, kỹ năng mới | X26: =_xlfn.XLOOKUP(A26, RESPONSES!A:A, RESPONSES!AD:AD) -> 0 | Z26: Đánh giá sau... GUD! | AA26: hơi kiệm lời nhưng mà cũng oki
A27: 25 | B27: =_xlfn.XLOOKUP(A27, RESPONSES!A:A, RESPONSES!F:F) -> Nguyễn Nhân Thiện | C27: =_xlfn.XLOOKUP(A27, RESPONSES!A:A, RESPONSES!G:G) -> 26521907 | D27: =_xlfn.XLOOKUP(A27, RESPONSES!A:A, RESPONSES!I:I) -> 26521907 | E27: =_xlfn.XLOOKUP(A27, RESPONSES!A:A, RESPONSES!J:J) -> KHTA 2026 | F27: =_xlfn.XLOOKUP(A27, RESPONSES!A:A, RESPONSES!L:L) -> - Lười - làm biếng -Ngủ nhiều | G27: =_xlfn.XLOOKUP(A27, RESPONSES!A:A, RESPONSES!M:M) -> Chơi đàn guitar. Chán thì chơi cho vui | H27: =_xlfn.XLOOKUP(A27, RESPONSES!A:A, RESPONSES!N:N) -> Thứ 2 - Thứ 4 - Thứ 6 | I27: =_xlfn.XLOOKUP(A27, RESPONSES!A:A, RESPONSES!O:O) -> Hệ thống | J27: =_xlfn.XLOOKUP(A27, RESPONSES!A:A, RESPONSES!P:P) -> C,C++,Java, JavaScript, Python,C#,SQL,Rust. Từng làm bài tập về các ngôn ngữ này. | K27: =_xlfn.XLOOKUP(A27, RESPONSES!A:A, RESPONSES!Q:Q) -> Chưa có | L27: =_xlfn.XLOOKUP(A27, RESPONSES!A:A, RESPONSES!R:R) -> Làm đại | M27: =_xlfn.XLOOKUP(A27, RESPONSES!A:A, RESPONSES!S:S) -> Ai biết | N27: =_xlfn.XLOOKUP(A27, RESPONSES!A:A, RESPONSES!T:T) -> 0 | O27: =_xlfn.XLOOKUP(A27, RESPONSES!A:A, RESPONSES!U:U) -> 0 | P27: =_xlfn.XLOOKUP(A27, RESPONSES!A:A, RESPONSES!V:V) -> 0 | Q27: =_xlfn.XLOOKUP(A27, RESPONSES!A:A, RESPONSES!W:W) -> 0 | R27: =_xlfn.XLOOKUP(A27, RESPONSES!A:A, RESPONSES!X:X) -> 0 | S27: =_xlfn.XLOOKUP(A27, RESPONSES!A:A, RESPONSES!Y:Y) -> 0 | T27: =_xlfn.XLOOKUP(A27, RESPONSES!A:A, RESPONSES!Z:Z) -> 0 | U27: =_xlfn.XLOOKUP(A27, RESPONSES!A:A, RESPONSES!AA:AA) -> 0 | V27: =_xlfn.XLOOKUP(A27, RESPONSES!A:A, RESPONSES!AB:AB) -> 0 | W27: =_xlfn.XLOOKUP(A27, RESPONSES!A:A, RESPONSES!AC:AC) -> Không có mong đợi | X27: =_xlfn.XLOOKUP(A27, RESPONSES!A:A, RESPONSES!AD:AD) -> Cho em vào học cho vui. | Z27: Không cần đánh giá! BAD! | AA27: AI CHO PASS THÌ CHAN HẾT | AN27: t sợ thằng Khôi nó chan t =))
A28: 26 | B28: =_xlfn.XLOOKUP(A28, RESPONSES!A:A, RESPONSES!F:F) -> Võ Phương Nghi | C28: =_xlfn.XLOOKUP(A28, RESPONSES!A:A, RESPONSES!G:G) -> 26521347 | D28: =_xlfn.XLOOKUP(A28, RESPONSES!A:A, RESPONSES!I:I) -> 26521347@gm.uit.edu.vn | E28: =_xlfn.XLOOKUP(A28, RESPONSES!A:A, RESPONSES!J:J) -> KHMT2026.2 | F28: =_xlfn.XLOOKUP(A28, RESPONSES!A:A, RESPONSES!L:L) -> - Những từ mình dùng để mô tả bản thân: Cởi mở, hòa đồng, dám nghĩ dám làm - Điểm mạnh: + Có khả năng tư duy logic, giải quyết vấn đề + Có kỹ năng lập trình cơ bản + Giao tiếp, thuyết trình tốt - Điểm yếu: + Kỹ năng Tiếng Anh chưa tốt + Chưa tham gia nhiều vào các dự án mô hình thưc tế | G28: =_xlfn.XLOOKUP(A28, RESPONSES!A:A, RESPONSES!M:M) -> Mình đã từng được tham gia một buổi talkshow về AI, từ đó mình học được cách viết prompt chuẩn hơn. Mình đã ứng dụng được nó trong việc tìm kiếm thông tin trên các AI một cách dễ dàng hơn, tiết kiệm thời giam hơn lúc trước, hiệu quả đạt được cũng rất cao. | H28: =_xlfn.XLOOKUP(A28, RESPONSES!A:A, RESPONSES!N:N) -> Thứ 2 - Thứ 4 - Thứ 6 | I28: =_xlfn.XLOOKUP(A28, RESPONSES!A:A, RESPONSES!O:O) -> Hệ thống | J28: =_xlfn.XLOOKUP(A28, RESPONSES!A:A, RESPONSES!P:P) -> Mình đã tiếp xúc với C++ qua việc tự học hỏi và làm bài, mình cũng từng tham gia các cuộc thi học thuật có liên quan như Học sinh giỏi, Olympic 30/4, Trại hè Phương Nam... | K28: =_xlfn.XLOOKUP(A28, RESPONSES!A:A, RESPONSES!Q:Q) -> Chưa có | L28: =_xlfn.XLOOKUP(A28, RESPONSES!A:A, RESPONSES!R:R) -> Đầu tiên, mình sẽ sắp xếp một buổi gặp mặt (hoặc họp trực tuyến) để mọi người trong nhóm có thể làm quen với nhau, đồng thời, chúng mình sẽ tìm hiểu được điểm mạnh, điểm yếu của từng thành viên trong task này. Từ đó sẽ phân công công việc phù hợp cho từng năng lực của mỗi người. Ngoài ra, mình sẽ chia deadline thành các khoảng thời gian khác nhau, ví dụ trong 2 ngày đầu, mọi người sẽ tập trung hoàn thành nhiệm vụ được giao của bản thân, nếu có khó khăn hay ý kiến sẽ đem ra thảo luận lại, 2 ngày kế tiếp sẽ hoàn thiện các phần của task, 1 ngày sau task phải được hoàn thiện đầy đủ nhất có thể, 2 ngày còn lại sẽ là thời gian mọi người kiểm tra lại và điều chỉnh (nếu có). | M28: =_xlfn.XLOOKUP(A28, RESPONSES!A:A, RESPONSES!S:S) -> Mình muốn tìm hiểu sâu hơn về các kiến thức thực tiễn, cũng như các vấn đề thực tế mà sau này sẽ gặp trong công việc. | N28: =_xlfn.XLOOKUP(A28, RESPONSES!A:A, RESPONSES!T:T) -> 0 | O28: =_xlfn.XLOOKUP(A28, RESPONSES!A:A, RESPONSES!U:U) -> 0 | P28: =_xlfn.XLOOKUP(A28, RESPONSES!A:A, RESPONSES!V:V) -> 0 | Q28: =_xlfn.XLOOKUP(A28, RESPONSES!A:A, RESPONSES!W:W) -> 0 | R28: =_xlfn.XLOOKUP(A28, RESPONSES!A:A, RESPONSES!X:X) -> 0 | S28: =_xlfn.XLOOKUP(A28, RESPONSES!A:A, RESPONSES!Y:Y) -> 0 | T28: =_xlfn.XLOOKUP(A28, RESPONSES!A:A, RESPONSES!Z:Z) -> 0 | U28: =_xlfn.XLOOKUP(A28, RESPONSES!A:A, RESPONSES!AA:AA) -> 0 | V28: =_xlfn.XLOOKUP(A28, RESPONSES!A:A, RESPONSES!AB:AB) -> 0 | W28: =_xlfn.XLOOKUP(A28, RESPONSES!A:A, RESPONSES!AC:AC) -> Mình mong rằng qua chương trình bản thân sẽ được rèn luyện để ngày càng tốt hơn, cũng như hiểu rõ hơn con đường bản thân đã lựa chọn. Bên cạnh đó, mong rằng trong quá trình sẽ được gặp gỡ thêm nhiều anh chị và bạn bè, mong mình sẽ có những kỉ niệm đẹp với nhau. | X28: =_xlfn.XLOOKUP(A28, RESPONSES!A:A, RESPONSES!AD:AD) -> Bản thân mình có thể vẫn còn nhiều thiếu sót, nhưng chính điều đó lại là lý do bản thân mình muốn tham gia Trainee Program, mình sẽ cố gắng hết sức để học hỏi và trao dồi thêm kiến thức của bản thân, mong Ban tổ chức sẽ tạo điều kiện cho mình có tấm vé này. | AA28: có nền cp, khá potential
A29: 27 | B29: =_xlfn.XLOOKUP(A29, RESPONSES!A:A, RESPONSES!F:F) -> Đỗ Đức Minh Đăng | C29: =_xlfn.XLOOKUP(A29, RESPONSES!A:A, RESPONSES!G:G) -> 26520240 | D29: =_xlfn.XLOOKUP(A29, RESPONSES!A:A, RESPONSES!I:I) -> 26520240@gm.uit.edu.vn | E29: =_xlfn.XLOOKUP(A29, RESPONSES!A:A, RESPONSES!J:J) -> KHTA 2026 | F29: =_xlfn.XLOOKUP(A29, RESPONSES!A:A, RESPONSES!L:L) -> - Khi định nghĩa bản thân tôi sẽ dùng từ: kiên định, sáng tạo, lạnh lợi. - Điểm mạnh của tôi: hoà đồng. - Điểm yếu của tôi: ngại giao tiếp. | G29: =_xlfn.XLOOKUP(A29, RESPONSES!A:A, RESPONSES!M:M) -> Hồi đó tôi tự học kĩ năng code c++ và nó đã giúp tôi học nhập môn lập trình khá nhẹ nhàng. | H29: =_xlfn.XLOOKUP(A29, RESPONSES!A:A, RESPONSES!N:N) -> Thứ 2 - Thứ 4 - Thứ 6 | I29: =_xlfn.XLOOKUP(A29, RESPONSES!A:A, RESPONSES!O:O) -> Hệ thống | J29: =_xlfn.XLOOKUP(A29, RESPONSES!A:A, RESPONSES!P:P) -> Tôi đã học một chút c++. Tôi học bằng cách lên web làm bài tập. | K29: =_xlfn.XLOOKUP(A29, RESPONSES!A:A, RESPONSES!Q:Q) -> Chưa có | L29: =_xlfn.XLOOKUP(A29, RESPONSES!A:A, RESPONSES!R:R) -> Thì tôi sẽ làm quen và tìm hiểu về điểm mạnh yếu của từng người vào ngày đầu sau đó phân công công việc hợp lý trong khoảng 3 4 ngày tới và chừa một số ngày để chỉnh sửa. | M29: =_xlfn.XLOOKUP(A29, RESPONSES!A:A, RESPONSES!S:S) -> Chưa rõ nhưng mong được học hỏi càng nhiều càng tốt | N29: =_xlfn.XLOOKUP(A29, RESPONSES!A:A, RESPONSES!T:T) -> 0 | O29: =_xlfn.XLOOKUP(A29, RESPONSES!A:A, RESPONSES!U:U) -> 0 | P29: =_xlfn.XLOOKUP(A29, RESPONSES!A:A, RESPONSES!V:V) -> 0 | Q29: =_xlfn.XLOOKUP(A29, RESPONSES!A:A, RESPONSES!W:W) -> 0 | R29: =_xlfn.XLOOKUP(A29, RESPONSES!A:A, RESPONSES!X:X) -> 0 | S29: =_xlfn.XLOOKUP(A29, RESPONSES!A:A, RESPONSES!Y:Y) -> 0 | T29: =_xlfn.XLOOKUP(A29, RESPONSES!A:A, RESPONSES!Z:Z) -> 0 | U29: =_xlfn.XLOOKUP(A29, RESPONSES!A:A, RESPONSES!AA:AA) -> 0 | V29: =_xlfn.XLOOKUP(A29, RESPONSES!A:A, RESPONSES!AB:AB) -> 0 | W29: =_xlfn.XLOOKUP(A29, RESPONSES!A:A, RESPONSES!AC:AC) -> Học nhiều nhất có thể | X29: =_xlfn.XLOOKUP(A29, RESPONSES!A:A, RESPONSES!AD:AD) -> Mong được anh chị chiếu cố | AA29: khá ngắn, không có quá nhiều thông tin, chưa đánh giá được
A30: 28 | B30: =_xlfn.XLOOKUP(A30, RESPONSES!A:A, RESPONSES!F:F) -> Nguyễn Thanh Anh Thư | C30: =_xlfn.XLOOKUP(A30, RESPONSES!A:A, RESPONSES!G:G) -> 26521973 | D30: =_xlfn.XLOOKUP(A30, RESPONSES!A:A, RESPONSES!I:I) -> 26521973@gm.uit.edu.vn | E30: =_xlfn.XLOOKUP(A30, RESPONSES!A:A, RESPONSES!J:J) -> TTNT2026 | F30: =_xlfn.XLOOKUP(A30, RESPONSES!A:A, RESPONSES!L:L) -> - Theo em, 3 từ định nghĩa nên bản thân mình chính là: nhiệt tình, sáng tạo, và tham vọng - Điểm mạnh: Tư duy logic tốt, do trước đây em là một học sinh giỏi Toán, và nhiệt tình, luôn sẵn sàng hỗ trợ mọi người. - Điểm yếu: Khả năng giao tiếp hơi kém, cách diễn đạt hơi không được rõ ràng | G30: =_xlfn.XLOOKUP(A30, RESPONSES!A:A, RESPONSES!M:M) -> Một kỹ năng mà em đã tự học được là sử dụng LaTeX để soạn thảo tài liệu và báo cáo học thuật. Ban đầu, em gặp không ít khó khăn khi phải tự tìm hiểu các câu lệnh và cách sử dụng công cụ mà không có người hướng dẫn trực tiếp. Tuy nhiên, bằng việc chủ động tìm kiếm tài liệu, tham khảo các nguồn hướng dẫn và kiên trì thực hành, em đã dần làm chủ được LaTeX và ứng dụng vào thực tế. Cụ thể, em đã sử dụng LaTeX để hỗ trợ giáo viên biên soạn tài liệu Toán học. Ngoài ra, em còn có cơ hội trở thành người đóng góp cho Math Olympiad and AI Training Program do xAI phối hợp cùng Trường Phổ thông Năng khiếu thực hiện, với công việc sưu tầm, tuyển chọn và biên soạn các bài toán khó bằng LaTeX. Trải nghiệm này không chỉ giúp em nâng cao kỹ năng sử dụng công cụ mà còn rèn luyện tính kiên trì, sự tỉ mỉ và khả năng tự giải quyết vấn đề. Qua đó, em nhận ra rằng tinh thần chủ động học hỏi và không ngừng thực hành chính là chìa khóa để tiếp thu và vận dụng hiệu quả một kỹ năng mới. | H30: =_xlfn.XLOOKUP(A30, RESPONSES!A:A, RESPONSES!N:N) -> Thứ 3 - Thứ 5 - Thứ 7 | I30: =_xlfn.XLOOKUP(A30, RESPONSES!A:A, RESPONSES!O:O) -> Hệ thống | J30: =_xlfn.XLOOKUP(A30, RESPONSES!A:A, RESPONSES!P:P) -> Em đã tiếp xúc với Python và C++. Python là thông qua chương trình học ở THPT và chương trình học đại học. C++ em đã biết cơ bản qua tự học thêm trên các trang như CodeLearn. | K30: =_xlfn.XLOOKUP(A30, RESPONSES!A:A, RESPONSES!Q:Q) -> Chưa có | L30: =_xlfn.XLOOKUP(A30, RESPONSES!A:A, RESPONSES!R:R) -> Trước tiên, em sẽ chủ động làm quen với các thành viên, trao đổi để tìm hiểu thế mạnh, kinh nghiệm và khả năng của từng người. Sau đó, cả nhóm sẽ cùng phân tích yêu cầu của task, xác định mục tiêu và chia nhỏ công việc để phân công phù hợp. Về thời gian, em dự kiến dành ngày đầu tiên để tìm hiểu đề bài và phân công nhiệm vụ, ngày 2–3 để nghiên cứu tài liệu và đề xuất hướng giải quyết, ngày 4–5 để triển khai công việc, ngày 6 để tổng hợp, kiểm tra và chỉnh sửa, ngày cuối cùng để hoàn thiện sản phẩm. Trong quá trình thực hiện, nhóm sẽ thường xuyên trao đổi tiến độ, hỗ trợ nhau khi gặp khó khăn và chủ động điều chỉnh kế hoạch nếu cần thiết. Với những vấn đề chưa từng tiếp cận, em sẽ ưu tiên tìm hiểu từ tài liệu chính thống, tham khảo các dự án tương tự và thử nghiệm những hướng giải quyết khả thi. | M30: =_xlfn.XLOOKUP(A30, RESPONSES!A:A, RESPONSES!S:S) -> dạ em mong muốn được hiểu thêm về gần như mọi thứ, từ cách thiết kế, xây dựng và nâng cấp một hệ thống đến tư duy lập trình, học thêm các ngôn ngữ mới. Lí do cũng bởi vì em chưa từng có kinh nghiệm lập trình trước đây. | N30: =_xlfn.XLOOKUP(A30, RESPONSES!A:A, RESPONSES!T:T) -> 0 | O30: =_xlfn.XLOOKUP(A30, RESPONSES!A:A, RESPONSES!U:U) -> 0 | P30: =_xlfn.XLOOKUP(A30, RESPONSES!A:A, RESPONSES!V:V) -> 0 | Q30: =_xlfn.XLOOKUP(A30, RESPONSES!A:A, RESPONSES!W:W) -> 0 | R30: =_xlfn.XLOOKUP(A30, RESPONSES!A:A, RESPONSES!X:X) -> 0 | S30: =_xlfn.XLOOKUP(A30, RESPONSES!A:A, RESPONSES!Y:Y) -> 0 | T30: =_xlfn.XLOOKUP(A30, RESPONSES!A:A, RESPONSES!Z:Z) -> 0 | U30: =_xlfn.XLOOKUP(A30, RESPONSES!A:A, RESPONSES!AA:AA) -> 0 | V30: =_xlfn.XLOOKUP(A30, RESPONSES!A:A, RESPONSES!AB:AB) -> 0 | W30: =_xlfn.XLOOKUP(A30, RESPONSES!A:A, RESPONSES!AC:AC) -> Do em chưa có kinh nghiệm về lập trình, cả thi đấu hay làm một dự án cá nhân, đây là lần đầu tiên em tham gia một chương trình với vai trò thành viên ban Hệ Thống, em hi vọng sau khi tham gia chương trình em sẽ có thêm nhiều kinh nghiệm và kiến thức hơn cho công việc sau này, cũng như kết bạn được với các bạn bè, anh chị cùng chí hướng. | X30: =_xlfn.XLOOKUP(A30, RESPONSES!A:A, RESPONSES!AD:AD) -> 0 | AA30: tốt, biết dùng latex, bào được
A31: 29 | B31: =_xlfn.XLOOKUP(A31, RESPONSES!A:A, RESPONSES!F:F) -> Nguyễn Việt Thắng | C31: =_xlfn.XLOOKUP(A31, RESPONSES!A:A, RESPONSES!G:G) -> 26521848 | D31: =_xlfn.XLOOKUP(A31, RESPONSES!A:A, RESPONSES!I:I) -> 26521848@gm.uit.edu.vn | E31: =_xlfn.XLOOKUP(A31, RESPONSES!A:A, RESPONSES!J:J) -> KHMT2026.3 | F31: =_xlfn.XLOOKUP(A31, RESPONSES!A:A, RESPONSES!L:L) -> - Em chủ động với những điều mình muốn - Em sẵn sàng và luôn thích học những điều mới - Em tự tin vào bản thân và đôi khi là tự cao... - Em hay nghĩ nhiều :(( | G31: =_xlfn.XLOOKUP(A31, RESPONSES!A:A, RESPONSES!M:M) -> Kỹ năng đó là "giao tiếp bình an" a. Em học được trong 1 lần tham gia trại hè của học bổng VietHope. Kỹ năng này giúp em bình tĩnh và nghĩ đến đối phương nhiều hơn. Một lần gặp chuyện k đúng ý, em chậm lần, hít thở 3 lần và quan sát cảm xúc của người đối diện rồi từ từ mở lời a. | H31: =_xlfn.XLOOKUP(A31, RESPONSES!A:A, RESPONSES!N:N) -> Thứ 2 - Thứ 4 - Thứ 6 | I31: =_xlfn.XLOOKUP(A31, RESPONSES!A:A, RESPONSES!O:O) -> Hệ thống | J31: =_xlfn.XLOOKUP(A31, RESPONSES!A:A, RESPONSES!P:P) -> C/C++ và Python. Em tự học, và trao dồi bằng cách tham gia lập trình thi đấu và các cuộc thi như AI challenge ạ. | K31: =_xlfn.XLOOKUP(A31, RESPONSES!A:A, RESPONSES!Q:Q) -> Chưa có | L31: =_xlfn.XLOOKUP(A31, RESPONSES!A:A, RESPONSES!R:R) -> Đầu tiên là chọn leader ạ. 2 là tìm hiểu khả năng của từng bạn. 3 nếu may mắn sẽ phân chia được cho mỗi bạn đúng khả năng của bản thân hoặc phân việc mong muốn nhưng nếu không thì 4 cả nhóm sẽ chia việc và vừa học vừa làm trong 3 ngày đầu rồi họp lại để xem khả năng của nhóm có thể hoàn thành kịp deadline hay k và quan trọng là bản thân đã và có thể học được gì thay vì làm cho có để kịp deadline. 5 Nếu 3 ngày khá ổn sẽ làm tiếp và ghi chép lại những gì đã học được cũng như làm được rồi tiếp tục phát triển thêm 6 Nếu không thì vẫn sẽ làm tiếp nhưng tập trung vào việc đã học được gì và xem lại đầu việc nào có thể ưu tiên và dồn lực vào 7 Việc chia task, và quản lý có thể dùng gg workspace hoặc các công cụ quản lý, việc nhắc deadline hay các tình huống như trễ deadline có thể nhẹ nhàng xíu :Đ vì là "task mới" thay vì áp lực rồi "làm cho xong". 8 Cuối cùng là sự đoàn kết ạaaaaaa. | M31: =_xlfn.XLOOKUP(A31, RESPONSES!A:A, RESPONSES!S:S) -> Về các phần mềm cơ bản như git, docker hay các kỹ năng nền tảng a :? | N31: =_xlfn.XLOOKUP(A31, RESPONSES!A:A, RESPONSES!T:T) -> 0 | O31: =_xlfn.XLOOKUP(A31, RESPONSES!A:A, RESPONSES!U:U) -> 0 | P31: =_xlfn.XLOOKUP(A31, RESPONSES!A:A, RESPONSES!V:V) -> 0 | Q31: =_xlfn.XLOOKUP(A31, RESPONSES!A:A, RESPONSES!W:W) -> 0 | R31: =_xlfn.XLOOKUP(A31, RESPONSES!A:A, RESPONSES!X:X) -> 0 | S31: =_xlfn.XLOOKUP(A31, RESPONSES!A:A, RESPONSES!Y:Y) -> 0 | T31: =_xlfn.XLOOKUP(A31, RESPONSES!A:A, RESPONSES!Z:Z) -> 0 | U31: =_xlfn.XLOOKUP(A31, RESPONSES!A:A, RESPONSES!AA:AA) -> 0 | V31: =_xlfn.XLOOKUP(A31, RESPONSES!A:A, RESPONSES!AB:AB) -> 0 | W31: =_xlfn.XLOOKUP(A31, RESPONSES!A:A, RESPONSES!AC:AC) -> Trưởng thành hơn, trải nghiệm nhiều hơn, học được thật nhiều và có những kỷ niệm thật vui ạ :3 | X31: =_xlfn.XLOOKUP(A31, RESPONSES!A:A, RESPONSES!AD:AD) -> Trainee Program là một chương trình rất ý nghĩa đó ạa | AA31: hơi ít thông tin, nhưng vừa đủ, ok
